﻿<?xml version="1.0" encoding="UTF-8" standalone="yes"?>
<alto xmlns="http://www.loc.gov/standards/alto/ns-v2#" xmlns:xlink="http://www.w3.org/1999/xlink" xmlns:xsi="http://www.w3.org/2001/XMLSchema-instance" xsi:schemaLocation="http://www.loc.gov/standards/alto/ns-v2# http://www.loc.gov/standards/alto/alto-v2.0.xsd">
<Description>
<MeasurementUnit>pixel</MeasurementUnit>
<OCRProcessing ID="IdOcr"><ocrProcessingStep><processingDateTime>2013-09-12</processingDateTime><processingSoftware><softwareCreator>ABBYY</softwareCreator><softwareName>ABBYY Recognition Server</softwareName><softwareVersion>4.0</softwareVersion></processingSoftware></ocrProcessingStep></OCRProcessing>
</Description>
<Styles><TextStyle ID="font0" FONTFAMILY="Arial" FONTSIZE="27"/><TextStyle ID="font1" FONTFAMILY="Times New Roman" FONTSIZE="9"/><TextStyle ID="font2" FONTFAMILY="Times New Roman" FONTSIZE="10"/><TextStyle ID="font3" FONTFAMILY="Times New Roman" FONTSIZE="13"/>
<ParagraphStyle ID="StyleId-FFFFFFFF-FFFF-FFFF-FFFF-FFFFFFFFFFFF-" ALIGN="Left" LEFT="0" RIGHT="0" FIRSTLINE="0"/>
<ParagraphStyle ID="StyleId-C5E3858E-5B20-4F67-932D-51DD52BA7D1F-" ALIGN="Left" LEFT="0" RIGHT="0" FIRSTLINE="0"/>
<ParagraphStyle ID="StyleId-2E742638-2C8F-433D-BB43-AA44DB97E9D0-" ALIGN="Block" LEFT="0" RIGHT="0" FIRSTLINE="0" LINESPACE="11"/>
<ParagraphStyle ID="StyleId-672F33A4-C3A5-424F-8BE6-1425B7B3F509-" ALIGN="Block" LEFT="0" RIGHT="0" FIRSTLINE="0" LINESPACE="11"/>
<ParagraphStyle ID="StyleId-658AA064-D672-4C40-9701-BA6A1512B31D-" ALIGN="Block" LEFT="0" RIGHT="0" FIRSTLINE="0" LINESPACE="10"/>
<ParagraphStyle ID="StyleId-70673102-BAC9-443C-83C9-48EA5F53AE5E-" ALIGN="Block" LEFT="0" RIGHT="0" FIRSTLINE="0" LINESPACE="12"/>
</Styles>
<Layout>
<Page ID="Page1" PHYSICAL_IMG_NR="1">
<PrintSpace HEIGHT="3508" WIDTH="2479" VPOS="0" HPOS="0">
<TextBlock ID="BlockId-3DF5B3DC-DAE6-4141-95B8-AB149C6188D4-" HEIGHT="602" WIDTH="2086" VPOS="187" HPOS="183" STYLEREFS="StyleId-70673102-BAC9-443C-83C9-48EA5F53AE5E- font2">
<TextLine HEIGHT="84" WIDTH="692" VPOS="193" HPOS="197" STYLEREFS="StyleId-C5E3858E-5B20-4F67-932D-51DD52BA7D1F- font0"><String STYLE="bold" CONTENT="Planet" HEIGHT="84" WIDTH="354" VPOS="193" HPOS="197"/><SP WIDTH="44" VPOS="193" HPOS="552"/><String STYLE="bold" CONTENT="Earth" HEIGHT="84" WIDTH="292" VPOS="193" HPOS="597"/></TextLine>
<TextLine HEIGHT="42" WIDTH="2072" VPOS="341" HPOS="190"><String STYLE="bold" CONTENT="Each" HEIGHT="32" WIDTH="94" VPOS="342" HPOS="190"/><SP WIDTH="13" VPOS="343" HPOS="285"/><String STYLE="bold" CONTENT="planet" HEIGHT="40" WIDTH="116" VPOS="343" HPOS="299"/><SP WIDTH="13" VPOS="345" HPOS="416"/><String STYLE="bold" CONTENT="of" HEIGHT="32" WIDTH="37" VPOS="342" HPOS="430"/><SP WIDTH="8" VPOS="342" HPOS="468"/><String STYLE="bold" CONTENT="the" HEIGHT="31" WIDTH="58" VPOS="343" HPOS="477"/><SP WIDTH="13" VPOS="341" HPOS="536"/><String STYLE="bold" CONTENT="Solar" HEIGHT="33" WIDTH="98" VPOS="341" HPOS="550"/><SP WIDTH="13" VPOS="352" HPOS="649"/><String STYLE="bold" CONTENT="system" HEIGHT="38" WIDTH="124" VPOS="345" HPOS="663"/><SP WIDTH="14" VPOS="342" HPOS="788"/><String STYLE="bold" CONTENT="is" HEIGHT="32" WIDTH="27" VPOS="342" HPOS="803"/><SP WIDTH="12" VPOS="352" HPOS="831"/><String STYLE="bold" CONTENT="unique" HEIGHT="41" WIDTH="129" VPOS="342" HPOS="844"/><SP WIDTH="12" VPOS="342" HPOS="974"/><String STYLE="bold" CONTENT="in" HEIGHT="31" WIDTH="34" VPOS="342" HPOS="987"/><SP WIDTH="13" VPOS="342" HPOS="1022"/><String STYLE="bold" CONTENT="its" HEIGHT="32" WIDTH="42" VPOS="342" HPOS="1036"/><SP WIDTH="13" VPOS="352" HPOS="1079"/><String STYLE="bold" CONTENT="own" HEIGHT="22" WIDTH="75" VPOS="352" HPOS="1093"/><SP WIDTH="14" VPOS="352" HPOS="1169"/><String STYLE="bold" CONTENT="right," HEIGHT="41" WIDTH="102" VPOS="342" HPOS="1184"/><SP WIDTH="11" VPOS="353" HPOS="1287"/><String STYLE="bold" CONTENT="yet" HEIGHT="38" WIDTH="56" VPOS="345" HPOS="1299"/><SP WIDTH="11" VPOS="342" HPOS="1356"/><String STYLE="bold" CONTENT="Earth" HEIGHT="32" WIDTH="109" VPOS="342" HPOS="1368"/><SP WIDTH="13" VPOS="343" HPOS="1478"/><String STYLE="bold" CONTENT="has" HEIGHT="31" WIDTH="62" VPOS="343" HPOS="1492"/><SP WIDTH="13" VPOS="352" HPOS="1555"/><String STYLE="bold" CONTENT="a" HEIGHT="22" WIDTH="20" VPOS="352" HPOS="1569"/><SP WIDTH="10" VPOS="352" HPOS="1590"/><String STYLE="bold" CONTENT="whole" HEIGHT="31" WIDTH="111" VPOS="343" HPOS="1601"/><SP WIDTH="12" VPOS="352" HPOS="1713"/><String STYLE="bold" CONTENT="set" HEIGHT="29" WIDTH="49" VPOS="345" HPOS="1726"/><SP WIDTH="13" VPOS="345" HPOS="1776"/><String STYLE="bold" CONTENT="of" HEIGHT="32" WIDTH="38" VPOS="342" HPOS="1790"/><SP WIDTH="9" VPOS="342" HPOS="1829"/><String STYLE="bold" CONTENT="really" HEIGHT="40" WIDTH="106" VPOS="343" HPOS="1839"/><SP WIDTH="11" VPOS="353" HPOS="1946"/><String STYLE="bold" CONTENT="unique" HEIGHT="41" WIDTH="130" VPOS="342" HPOS="1958"/><SP WIDTH="12" VPOS="342" HPOS="2089"/><String STYLE="bold" CONTENT="features." HEIGHT="32" WIDTH="160" VPOS="342" HPOS="2102"/></TextLine>
<TextLine HEIGHT="40" WIDTH="2071" VPOS="394" HPOS="191"><String STYLE="bold" CONTENT="First," HEIGHT="38" WIDTH="99" VPOS="394" HPOS="191"/><SP WIDTH="14" VPOS="394" HPOS="291"/><String STYLE="bold" CONTENT="it" HEIGHT="32" WIDTH="25" VPOS="394" HPOS="306"/><SP WIDTH="14" VPOS="394" HPOS="332"/><String STYLE="bold" CONTENT="is" HEIGHT="32" WIDTH="27" VPOS="394" HPOS="347"/><SP WIDTH="14" VPOS="397" HPOS="375"/><String STYLE="bold" CONTENT="the" HEIGHT="31" WIDTH="58" VPOS="395" HPOS="390"/><SP WIDTH="15" VPOS="404" HPOS="449"/><String STYLE="bold" CONTENT="only" HEIGHT="39" WIDTH="79" VPOS="395" HPOS="465"/><SP WIDTH="15" VPOS="404" HPOS="545"/><String STYLE="bold" CONTENT="active" HEIGHT="32" WIDTH="108" VPOS="394" HPOS="561"/><SP WIDTH="14" VPOS="404" HPOS="670"/><String STYLE="bold" CONTENT="planet" HEIGHT="39" WIDTH="117" VPOS="395" HPOS="685"/><SP WIDTH="12" VPOS="397" HPOS="803"/><String STYLE="bold" CONTENT="-" HEIGHT="3" WIDTH="23" VPOS="413" HPOS="816"/><SP WIDTH="13" VPOS="397" HPOS="840"/><String STYLE="bold" CONTENT="the" HEIGHT="31" WIDTH="58" VPOS="395" HPOS="854"/><SP WIDTH="14" VPOS="404" HPOS="913"/><String STYLE="bold" CONTENT="earthquakes" HEIGHT="39" WIDTH="233" VPOS="395" HPOS="928"/><SP WIDTH="15" VPOS="404" HPOS="1162"/><String STYLE="bold" CONTENT="and" HEIGHT="31" WIDTH="70" VPOS="395" HPOS="1178"/><SP WIDTH="12" VPOS="395" HPOS="1249"/><String STYLE="bold" CONTENT="volcano" HEIGHT="31" WIDTH="145" VPOS="395" HPOS="1262"/><SP WIDTH="15" VPOS="404" HPOS="1408"/><String STYLE="bold" CONTENT="eruptions" HEIGHT="40" WIDTH="178" VPOS="394" HPOS="1424"/><SP WIDTH="15" VPOS="404" HPOS="1603"/><String STYLE="bold" CONTENT="constantly" HEIGHT="39" WIDTH="193" VPOS="395" HPOS="1619"/><SP WIDTH="15" VPOS="404" HPOS="1813"/><String STYLE="bold" CONTENT="change" HEIGHT="39" WIDTH="130" VPOS="395" HPOS="1829"/><SP WIDTH="14" VPOS="394" HPOS="1960"/><String STYLE="bold" CONTENT="its" HEIGHT="32" WIDTH="42" VPOS="394" HPOS="1975"/><SP WIDTH="16" VPOS="404" HPOS="2018"/><String STYLE="bold" CONTENT="appearance." HEIGHT="30" WIDTH="227" VPOS="404" HPOS="2035"/></TextLine>
<TextLine HEIGHT="41" WIDTH="2071" VPOS="444" HPOS="191"><String STYLE="bold" CONTENT="Second," HEIGHT="39" WIDTH="144" VPOS="444" HPOS="191"/><SP WIDTH="13" VPOS="445" HPOS="336"/><String STYLE="bold" CONTENT="it" HEIGHT="32" WIDTH="25" VPOS="445" HPOS="350"/><SP WIDTH="13" VPOS="445" HPOS="376"/><String STYLE="bold" CONTENT="is" HEIGHT="32" WIDTH="27" VPOS="445" HPOS="390"/><SP WIDTH="13" VPOS="448" HPOS="418"/><String STYLE="bold" CONTENT="the" HEIGHT="31" WIDTH="59" VPOS="446" HPOS="432"/><SP WIDTH="13" VPOS="455" HPOS="492"/><String STYLE="bold" CONTENT="only" HEIGHT="39" WIDTH="79" VPOS="446" HPOS="506"/><SP WIDTH="14" VPOS="455" HPOS="586"/><String STYLE="bold" CONTENT="planet" HEIGHT="39" WIDTH="117" VPOS="446" HPOS="601"/><SP WIDTH="11" VPOS="448" HPOS="719"/><String STYLE="bold" CONTENT="that" HEIGHT="31" WIDTH="76" VPOS="446" HPOS="731"/><SP WIDTH="13" VPOS="446" HPOS="808"/><String STYLE="bold" CONTENT="boasts" HEIGHT="31" WIDTH="116" VPOS="446" HPOS="822"/><SP WIDTH="13" VPOS="455" HPOS="939"/><String STYLE="bold" CONTENT="vast" HEIGHT="29" WIDTH="75" VPOS="448" HPOS="953"/><SP WIDTH="14" VPOS="448" HPOS="1029"/><String STYLE="bold" CONTENT="resources" HEIGHT="22" WIDTH="177" VPOS="455" HPOS="1044"/><SP WIDTH="15" VPOS="455" HPOS="1222"/><String STYLE="bold" CONTENT="of" HEIGHT="32" WIDTH="38" VPOS="445" HPOS="1238"/><SP WIDTH="9" VPOS="445" HPOS="1277"/><String STYLE="bold" CONTENT="liquid" HEIGHT="40" WIDTH="109" VPOS="445" HPOS="1287"/><SP WIDTH="14" VPOS="446" HPOS="1397"/><String STYLE="bold" CONTENT="water:" HEIGHT="29" WIDTH="118" VPOS="448" HPOS="1412"/><SP WIDTH="17" VPOS="445" HPOS="1531"/><String STYLE="bold" CONTENT="it’s" HEIGHT="32" WIDTH="56" VPOS="445" HPOS="1549"/><SP WIDTH="12" VPOS="448" HPOS="1606"/><String STYLE="bold" CONTENT="too" HEIGHT="29" WIDTH="58" VPOS="448" HPOS="1619"/><SP WIDTH="14" VPOS="446" HPOS="1678"/><String STYLE="bold" CONTENT="hot" HEIGHT="31" WIDTH="60" VPOS="446" HPOS="1693"/><SP WIDTH="13" VPOS="445" HPOS="1754"/><String STYLE="bold" CONTENT="for" HEIGHT="32" WIDTH="54" VPOS="445" HPOS="1768"/><SP WIDTH="12" VPOS="448" HPOS="1823"/><String STYLE="bold" CONTENT="that" HEIGHT="31" WIDTH="76" VPOS="446" HPOS="1836"/><SP WIDTH="14" VPOS="448" HPOS="1913"/><String STYLE="bold" CONTENT="on" HEIGHT="22" WIDTH="43" VPOS="455" HPOS="1928"/><SP WIDTH="15" VPOS="445" HPOS="1972"/><String STYLE="bold" CONTENT="Venus" HEIGHT="32" WIDTH="116" VPOS="445" HPOS="1988"/><SP WIDTH="15" VPOS="455" HPOS="2105"/><String STYLE="bold" CONTENT="and" HEIGHT="31" WIDTH="69" VPOS="446" HPOS="2121"/><SP WIDTH="12" VPOS="446" HPOS="2191"/><String STYLE="bold" CONTENT="too" HEIGHT="29" WIDTH="58" VPOS="448" HPOS="2204"/></TextLine>
<TextLine HEIGHT="40" WIDTH="2069" VPOS="496" HPOS="191"><String STYLE="bold" CONTENT="cold" HEIGHT="31" WIDTH="76" VPOS="497" HPOS="191"/><SP WIDTH="13" VPOS="497" HPOS="268"/><String STYLE="bold" CONTENT="on" HEIGHT="22" WIDTH="43" VPOS="506" HPOS="282"/><SP WIDTH="13" VPOS="496" HPOS="326"/><String STYLE="bold" CONTENT="Mars." HEIGHT="32" WIDTH="110" VPOS="496" HPOS="340"/><SP WIDTH="14" VPOS="496" HPOS="451"/><String STYLE="bold" CONTENT="The" HEIGHT="32" WIDTH="72" VPOS="496" HPOS="466"/><SP WIDTH="12" VPOS="496" HPOS="539"/><String STYLE="bold" CONTENT="Earth’s" HEIGHT="32" WIDTH="141" VPOS="496" HPOS="552"/><SP WIDTH="14" VPOS="506" HPOS="694"/><String STYLE="bold" CONTENT="atmosphere" HEIGHT="39" WIDTH="219" VPOS="497" HPOS="709"/><SP WIDTH="12" VPOS="496" HPOS="929"/><String STYLE="bold" CONTENT="is" HEIGHT="32" WIDTH="27" VPOS="496" HPOS="942"/><SP WIDTH="14" VPOS="506" HPOS="970"/><String STYLE="bold" CONTENT="also" HEIGHT="31" WIDTH="70" VPOS="497" HPOS="985"/><SP WIDTH="13" VPOS="506" HPOS="1056"/><String STYLE="bold" CONTENT="very" HEIGHT="30" WIDTH="81" VPOS="506" HPOS="1070"/><SP WIDTH="13" VPOS="507" HPOS="1152"/><String STYLE="bold" CONTENT="unlike" HEIGHT="32" WIDTH="117" VPOS="496" HPOS="1166"/><SP WIDTH="13" VPOS="506" HPOS="1284"/><String STYLE="bold" CONTENT="any" HEIGHT="30" WIDTH="66" VPOS="506" HPOS="1298"/><SP WIDTH="13" VPOS="506" HPOS="1365"/><String STYLE="bold" CONTENT="other" HEIGHT="31" WIDTH="99" VPOS="497" HPOS="1379"/><SP WIDTH="12" VPOS="506" HPOS="1479"/><String STYLE="bold" CONTENT="planet’s" HEIGHT="40" WIDTH="148" VPOS="496" HPOS="1492"/><SP WIDTH="13" VPOS="506" HPOS="1641"/><String STYLE="bold" CONTENT="gaseous" HEIGHT="30" WIDTH="143" VPOS="506" HPOS="1655"/><SP WIDTH="13" VPOS="506" HPOS="1799"/><String STYLE="bold" CONTENT="shells." HEIGHT="31" WIDTH="111" VPOS="497" HPOS="1813"/><SP WIDTH="12" VPOS="496" HPOS="1925"/><String STYLE="bold" CONTENT="Earth" HEIGHT="32" WIDTH="109" VPOS="496" HPOS="1938"/><SP WIDTH="13" VPOS="497" HPOS="2048"/><String STYLE="bold" CONTENT="neighbors’" HEIGHT="40" WIDTH="198" VPOS="496" HPOS="2062"/></TextLine>
<TextLine HEIGHT="40" WIDTH="2072" VPOS="547" HPOS="191"><String STYLE="bold" CONTENT="atmospheres" HEIGHT="39" WIDTH="236" VPOS="548" HPOS="191"/><SP WIDTH="23" VPOS="557" HPOS="428"/><String STYLE="bold" CONTENT="consist" HEIGHT="32" WIDTH="125" VPOS="547" HPOS="452"/><SP WIDTH="20" VPOS="550" HPOS="578"/><String STYLE="bold" CONTENT="mainly" HEIGHT="40" WIDTH="130" VPOS="547" HPOS="599"/><SP WIDTH="21" VPOS="557" HPOS="730"/><String STYLE="bold" CONTENT="of" HEIGHT="32" WIDTH="37" VPOS="547" HPOS="752"/><SP WIDTH="19" VPOS="547" HPOS="790"/><String STYLE="bold" CONTENT="carbon" HEIGHT="31" WIDTH="130" VPOS="548" HPOS="810"/><SP WIDTH="22" VPOS="548" HPOS="941"/><String STYLE="bold" CONTENT="dioxide," HEIGHT="38" WIDTH="146" VPOS="547" HPOS="964"/><SP WIDTH="20" VPOS="558" HPOS="1111"/><String STYLE="bold" CONTENT="while" HEIGHT="32" WIDTH="100" VPOS="547" HPOS="1132"/><SP WIDTH="20" VPOS="550" HPOS="1233"/><String STYLE="bold" CONTENT="the" HEIGHT="31" WIDTH="58" VPOS="548" HPOS="1254"/><SP WIDTH="22" VPOS="547" HPOS="1313"/><String STYLE="bold" CONTENT="Earth’s" HEIGHT="32" WIDTH="140" VPOS="547" HPOS="1336"/><SP WIDTH="22" VPOS="557" HPOS="1477"/><String STYLE="bold" CONTENT="contains" HEIGHT="32" WIDTH="154" VPOS="547" HPOS="1500"/><SP WIDTH="22" VPOS="557" HPOS="1655"/><String STYLE="bold" CONTENT="great" HEIGHT="36" WIDTH="96" VPOS="551" HPOS="1678"/><SP WIDTH="21" VPOS="551" HPOS="1775"/><String STYLE="bold" CONTENT="amounts" HEIGHT="28" WIDTH="161" VPOS="551" HPOS="1797"/><SP WIDTH="22" VPOS="557" HPOS="1959"/><String STYLE="bold" CONTENT="of" HEIGHT="32" WIDTH="38" VPOS="547" HPOS="1982"/><SP WIDTH="17" VPOS="547" HPOS="2021"/><String STYLE="bold" CONTENT="oxygen" HEIGHT="30" WIDTH="130" VPOS="557" HPOS="2039"/><SP WIDTH="23" VPOS="557" HPOS="2170"/><String STYLE="bold" CONTENT="and" HEIGHT="31" WIDTH="69" VPOS="548" HPOS="2194"/></TextLine>
<TextLine HEIGHT="40" WIDTH="2072" VPOS="598" HPOS="190"><String STYLE="bold" CONTENT="nitrogen," HEIGHT="40" WIDTH="170" VPOS="598" HPOS="190"/><SP WIDTH="26" VPOS="609" HPOS="361"/><String STYLE="bold" CONTENT="which" HEIGHT="32" WIDTH="112" VPOS="598" HPOS="388"/><SP WIDTH="28" VPOS="598" HPOS="501"/><String STYLE="bold" CONTENT="form" HEIGHT="32" WIDTH="90" VPOS="598" HPOS="530"/><SP WIDTH="30" VPOS="608" HPOS="621"/><String STYLE="bold" CONTENT="shield" HEIGHT="32" WIDTH="108" VPOS="598" HPOS="652"/><SP WIDTH="27" VPOS="598" HPOS="761"/><String STYLE="bold" CONTENT="from" HEIGHT="32" WIDTH="91" VPOS="598" HPOS="789"/><SP WIDTH="28" VPOS="601" HPOS="881"/><String STYLE="bold" CONTENT="the" HEIGHT="31" WIDTH="57" VPOS="599" HPOS="910"/><SP WIDTH="27" VPOS="608" HPOS="968"/><String STYLE="bold" CONTENT="most" HEIGHT="28" WIDTH="90" VPOS="602" HPOS="996"/><SP WIDTH="28" VPOS="599" HPOS="1087"/><String STYLE="bold" CONTENT="dangerous" HEIGHT="39" WIDTH="195" VPOS="599" HPOS="1116"/><SP WIDTH="28" VPOS="608" HPOS="1312"/><String STYLE="bold" CONTENT="components" HEIGHT="37" WIDTH="224" VPOS="601" HPOS="1341"/><SP WIDTH="29" VPOS="608" HPOS="1566"/><String STYLE="bold" CONTENT="of" HEIGHT="32" WIDTH="38" VPOS="598" HPOS="1596"/><SP WIDTH="51" VPOS="598" HPOS="1635"/><String STYLE="bold" CONTENT="solar" HEIGHT="31" WIDTH="91" VPOS="599" HPOS="1687"/><SP WIDTH="28" VPOS="608" HPOS="1779"/><String STYLE="bold" CONTENT="radiation." HEIGHT="32" WIDTH="181" VPOS="598" HPOS="1808"/><SP WIDTH="29" VPOS="598" HPOS="1990"/><String STYLE="bold" CONTENT="The" HEIGHT="32" WIDTH="72" VPOS="598" HPOS="2020"/><SP WIDTH="27" VPOS="598" HPOS="2093"/><String STYLE="bold" CONTENT="Earth’s" HEIGHT="32" WIDTH="141" VPOS="598" HPOS="2121"/></TextLine>
<TextLine HEIGHT="40" WIDTH="2072" VPOS="649" HPOS="191"><String STYLE="bold" CONTENT="atmosphere" HEIGHT="39" WIDTH="220" VPOS="650" HPOS="191"/><SP WIDTH="18" VPOS="659" HPOS="412"/><String STYLE="bold" CONTENT="also" HEIGHT="31" WIDTH="71" VPOS="650" HPOS="431"/><SP WIDTH="18" VPOS="659" HPOS="503"/><String STYLE="bold" CONTENT="protects" HEIGHT="37" WIDTH="150" VPOS="652" HPOS="522"/><SP WIDTH="18" VPOS="652" HPOS="673"/><String STYLE="bold" CONTENT="the" HEIGHT="31" WIDTH="58" VPOS="650" HPOS="692"/><SP WIDTH="18" VPOS="659" HPOS="751"/><String STYLE="bold" CONTENT="planet" HEIGHT="39" WIDTH="116" VPOS="650" HPOS="770"/><SP WIDTH="18" VPOS="649" HPOS="887"/><String STYLE="bold" CONTENT="from" HEIGHT="32" WIDTH="90" VPOS="649" HPOS="906"/><SP WIDTH="20" VPOS="659" HPOS="997"/><String STYLE="bold" CONTENT="meteorites." HEIGHT="32" WIDTH="205" VPOS="649" HPOS="1018"/><SP WIDTH="20" VPOS="649" HPOS="1224"/><String STYLE="bold" CONTENT="More" HEIGHT="32" WIDTH="101" VPOS="649" HPOS="1245"/><SP WIDTH="18" VPOS="659" HPOS="1347"/><String STYLE="bold" CONTENT="so," HEIGHT="28" WIDTH="48" VPOS="659" HPOS="1366"/><SP WIDTH="17" VPOS="649" HPOS="1415"/><String STYLE="bold" CONTENT="it" HEIGHT="32" WIDTH="25" VPOS="649" HPOS="1433"/><SP WIDTH="18" VPOS="649" HPOS="1459"/><String STYLE="bold" CONTENT="is" HEIGHT="32" WIDTH="27" VPOS="649" HPOS="1478"/><SP WIDTH="17" VPOS="652" HPOS="1506"/><String STYLE="bold" CONTENT="this" HEIGHT="32" WIDTH="67" VPOS="649" HPOS="1524"/><SP WIDTH="18" VPOS="659" HPOS="1592"/><String STYLE="bold" CONTENT="unique" HEIGHT="40" WIDTH="129" VPOS="649" HPOS="1611"/><SP WIDTH="19" VPOS="659" HPOS="1741"/><String STYLE="bold" CONTENT="combination" HEIGHT="32" WIDTH="234" VPOS="649" HPOS="1761"/><SP WIDTH="19" VPOS="659" HPOS="1996"/><String STYLE="bold" CONTENT="of" HEIGHT="32" WIDTH="38" VPOS="649" HPOS="2016"/><SP WIDTH="15" VPOS="649" HPOS="2055"/><String STYLE="bold" CONTENT="constantly" HEIGHT="39" WIDTH="192" VPOS="650" HPOS="2071"/></TextLine>
<TextLine HEIGHT="40" WIDTH="2072" VPOS="700" HPOS="191"><String STYLE="bold" CONTENT="changing" HEIGHT="40" WIDTH="171" VPOS="700" HPOS="191"/><SP WIDTH="10" VPOS="701" HPOS="363"/><String STYLE="bold" CONTENT="land" HEIGHT="31" WIDTH="83" VPOS="701" HPOS="374"/><SP WIDTH="11" VPOS="701" HPOS="458"/><String STYLE="bold" CONTENT="surface," HEIGHT="38" WIDTH="146" VPOS="700" HPOS="470"/><SP WIDTH="12" VPOS="710" HPOS="617"/><String STYLE="bold" CONTENT="oceans" HEIGHT="22" WIDTH="123" VPOS="710" HPOS="630"/><SP WIDTH="13" VPOS="710" HPOS="754"/><String STYLE="bold" CONTENT="and" HEIGHT="31" WIDTH="68" VPOS="701" HPOS="768"/><SP WIDTH="13" VPOS="701" HPOS="837"/><String STYLE="bold" CONTENT="aerial" HEIGHT="32" WIDTH="104" VPOS="700" HPOS="851"/><SP WIDTH="13" VPOS="701" HPOS="956"/><String STYLE="bold" CONTENT="shield" HEIGHT="32" WIDTH="108" VPOS="700" HPOS="970"/><SP WIDTH="10" VPOS="701" HPOS="1079"/><String STYLE="bold" CONTENT="that" HEIGHT="31" WIDTH="76" VPOS="701" HPOS="1090"/><SP WIDTH="11" VPOS="704" HPOS="1167"/><String STYLE="bold" CONTENT="made" HEIGHT="31" WIDTH="103" VPOS="701" HPOS="1179"/><SP WIDTH="11" VPOS="700" HPOS="1283"/><String STYLE="bold" CONTENT="it" HEIGHT="32" WIDTH="25" VPOS="700" HPOS="1295"/><SP WIDTH="12" VPOS="703" HPOS="1321"/><String STYLE="bold" CONTENT="possible" HEIGHT="40" WIDTH="147" VPOS="700" HPOS="1334"/><SP WIDTH="12" VPOS="700" HPOS="1482"/><String STYLE="bold" CONTENT="for" HEIGHT="32" WIDTH="54" VPOS="700" HPOS="1495"/><SP WIDTH="12" VPOS="710" HPOS="1550"/><String STYLE="bold" CONTENT="another" HEIGHT="31" WIDTH="146" VPOS="701" HPOS="1563"/><SP WIDTH="12" VPOS="710" HPOS="1710"/><String STYLE="bold" CONTENT="unique" HEIGHT="40" WIDTH="128" VPOS="700" HPOS="1723"/><SP WIDTH="11" VPOS="710" HPOS="1852"/><String STYLE="bold" CONTENT="phenomenon" HEIGHT="39" WIDTH="243" VPOS="701" HPOS="1864"/><SP WIDTH="10" VPOS="710" HPOS="2108"/><String STYLE="bold" CONTENT="-" HEIGHT="3" WIDTH="23" VPOS="719" HPOS="2119"/><SP WIDTH="10" VPOS="700" HPOS="2143"/><String STYLE="bold" CONTENT="Life" HEIGHT="32" WIDTH="75" VPOS="700" HPOS="2154"/><SP WIDTH="9" VPOS="710" HPOS="2230"/><String STYLE="bold" CONTENT="-" HEIGHT="3" WIDTH="23" VPOS="719" HPOS="2240"/></TextLine>
<TextLine HEIGHT="32" WIDTH="323" VPOS="751" HPOS="189"><String STYLE="bold" CONTENT="to" HEIGHT="29" WIDTH="36" VPOS="754" HPOS="189"/><SP WIDTH="11" VPOS="761" HPOS="226"/><String STYLE="bold" CONTENT="exist" HEIGHT="32" WIDTH="84" VPOS="751" HPOS="238"/><SP WIDTH="11" VPOS="754" HPOS="323"/><String STYLE="bold" CONTENT="on" HEIGHT="22" WIDTH="44" VPOS="761" HPOS="335"/><SP WIDTH="11" VPOS="751" HPOS="380"/><String STYLE="bold" CONTENT="Earth." HEIGHT="32" WIDTH="120" VPOS="751" HPOS="392"/></TextLine>
</TextBlock>
<ComposedBlock ID="BlockId-3953E96E-5744-4214-8FC5-832AFC3F3506-" HEIGHT="2439" WIDTH="640" VPOS="877" HPOS="159" TYPE="container"><Illustration ID="BlockId-496DA2BF-A30B-4825-B5C8-979797BB0E1F-" HEIGHT="585" WIDTH="591" VPOS="877" HPOS="193"/>
<ComposedBlock ID="BlockId-55A749B7-F1CD-45C0-AF8D-837CB2F5F0CF-" HEIGHT="704" WIDTH="609" VPOS="1498" HPOS="182" TYPE="container">
<TextBlock ID="BlockId-5C5A2E14-B051-4ADE-ABF2-C7E0B826B64D-" HEIGHT="133" WIDTH="606" VPOS="1498" HPOS="182" STYLEREFS="StyleId-658AA064-D672-4C40-9701-BA6A1512B31D- font1">
<TextLine HEIGHT="34" WIDTH="590" VPOS="1504" HPOS="188"><String STYLE="italics" CONTENT="Our" HEIGHT="27" WIDTH="59" VPOS="1504" HPOS="188"/><SP WIDTH="49" VPOS="1514" HPOS="248"/><String STYLE="italics" CONTENT="planet" HEIGHT="34" WIDTH="97" VPOS="1504" HPOS="298"/><SP WIDTH="48" VPOS="1508" HPOS="396"/><String STYLE="italics" CONTENT="photographed" HEIGHT="34" WIDTH="214" VPOS="1504" HPOS="445"/><SP WIDTH="43" VPOS="1504" HPOS="660"/><String STYLE="italics" CONTENT="from" HEIGHT="34" WIDTH="74" VPOS="1504" HPOS="704"/></TextLine>
<TextLine HEIGHT="36" WIDTH="591" VPOS="1546" HPOS="192"><String STYLE="italics" CONTENT="&quot;Apollo" HEIGHT="36" WIDTH="109" VPOS="1546" HPOS="192"/><SP WIDTH="15" VPOS="1557" HPOS="302"/><String STYLE="italics" CONTENT="-" HEIGHT="3" WIDTH="10" VPOS="1563" HPOS="318"/><SP WIDTH="16" VPOS="1548" HPOS="329"/><String STYLE="italics" CONTENT="17&quot;." HEIGHT="26" WIDTH="60" VPOS="1547" HPOS="346"/><SP WIDTH="20" VPOS="1548" HPOS="407"/><String STYLE="italics" CONTENT="You" HEIGHT="26" WIDTH="54" VPOS="1548" HPOS="428"/><SP WIDTH="16" VPOS="1557" HPOS="483"/><String STYLE="italics" CONTENT="can" HEIGHT="16" WIDTH="51" VPOS="1557" HPOS="500"/><SP WIDTH="14" VPOS="1557" HPOS="552"/><String STYLE="italics" CONTENT="notice" HEIGHT="24" WIDTH="89" VPOS="1549" HPOS="567"/><SP WIDTH="16" VPOS="1552" HPOS="657"/><String STYLE="italics" CONTENT="the" HEIGHT="26" WIDTH="43" VPOS="1547" HPOS="674"/><SP WIDTH="16" VPOS="1547" HPOS="718"/><String STYLE="italics" CONTENT="big" HEIGHT="34" WIDTH="48" VPOS="1547" HPOS="735"/></TextLine>
<TextLine HEIGHT="36" WIDTH="405" VPOS="1590" HPOS="184"><String STYLE="italics" CONTENT="ice" HEIGHT="25" WIDTH="45" VPOS="1594" HPOS="184"/><SP WIDTH="5" VPOS="1601" HPOS="230"/><String STYLE="italics" CONTENT="polar" HEIGHT="35" WIDTH="83" VPOS="1591" HPOS="236"/><SP WIDTH="9" VPOS="1601" HPOS="320"/><String STYLE="italics" CONTENT="cap" HEIGHT="25" WIDTH="51" VPOS="1601" HPOS="330"/><SP WIDTH="11" VPOS="1595" HPOS="382"/><String STYLE="italics" CONTENT="in" HEIGHT="23" WIDTH="25" VPOS="1595" HPOS="394"/><SP WIDTH="6" VPOS="1590" HPOS="420"/><String STYLE="italics" CONTENT="Antarctica." HEIGHT="28" WIDTH="162" VPOS="1590" HPOS="427"/></TextLine>
</TextBlock><Illustration ID="BlockId-DC6FF7D0-B245-4DDD-B35A-FA800CE0F38E-" HEIGHT="526" WIDTH="598" VPOS="1676" HPOS="193"/></ComposedBlock>
<TextBlock ID="BlockId-1C405781-4A07-4608-9E2F-575B6406B14D-" HEIGHT="219" WIDTH="597" VPOS="2239" HPOS="181" STYLEREFS="StyleId-658AA064-D672-4C40-9701-BA6A1512B31D- font1">
<TextLine HEIGHT="35" WIDTH="585" VPOS="2244" HPOS="187"><String STYLE="italics" CONTENT="Grand" HEIGHT="28" WIDTH="101" VPOS="2244" HPOS="187"/><SP WIDTH="4" VPOS="2245" HPOS="289"/><String STYLE="italics" CONTENT="Canyon:" HEIGHT="34" WIDTH="125" VPOS="2245" HPOS="294"/><SP WIDTH="13" VPOS="2250" HPOS="420"/><String STYLE="italics" CONTENT="the" HEIGHT="26" WIDTH="43" VPOS="2245" HPOS="434"/><SP WIDTH="9" VPOS="2254" HPOS="478"/><String STYLE="italics" CONTENT="stream" HEIGHT="21" WIDTH="100" VPOS="2250" HPOS="488"/><SP WIDTH="10" VPOS="2253" HPOS="589"/><String STYLE="italics" CONTENT="cut" HEIGHT="22" WIDTH="46" VPOS="2250" HPOS="600"/><SP WIDTH="8" VPOS="2250" HPOS="647"/><String STYLE="italics" CONTENT="through" HEIGHT="34" WIDTH="116" VPOS="2245" HPOS="656"/></TextLine>
<TextLine HEIGHT="35" WIDTH="476" VPOS="2288" HPOS="188"><String STYLE="italics" CONTENT="the" HEIGHT="26" WIDTH="43" VPOS="2288" HPOS="188"/><SP WIDTH="10" VPOS="2288" HPOS="232"/><String STYLE="italics" CONTENT="layers" HEIGHT="35" WIDTH="91" VPOS="2288" HPOS="243"/><SP WIDTH="9" VPOS="2297" HPOS="335"/><String STYLE="italics" CONTENT="of" HEIGHT="34" WIDTH="34" VPOS="2288" HPOS="345"/><SP WIDTH="1" VPOS="2288" HPOS="380"/><String STYLE="italics" CONTENT="soft" HEIGHT="34" WIDTH="55" VPOS="2288" HPOS="382"/><SP WIDTH="7" VPOS="2293" HPOS="438"/><String STYLE="italics" CONTENT="sandstone" HEIGHT="28" WIDTH="148" VPOS="2288" HPOS="446"/><SP WIDTH="10" VPOS="2298" HPOS="595"/><String STYLE="italics" CONTENT="and" HEIGHT="26" WIDTH="58" VPOS="2288" HPOS="606"/></TextLine>
<TextLine HEIGHT="33" WIDTH="506" VPOS="2330" HPOS="189"><String STYLE="italics" CONTENT="limestone" HEIGHT="27" WIDTH="141" VPOS="2331" HPOS="189"/><SP WIDTH="10" VPOS="2335" HPOS="331"/><String STYLE="italics" CONTENT="in" HEIGHT="22" WIDTH="26" VPOS="2335" HPOS="342"/><SP WIDTH="6" VPOS="2330" HPOS="369"/><String STYLE="italics" CONTENT="Arizona" HEIGHT="29" WIDTH="120" VPOS="2330" HPOS="376"/><SP WIDTH="12" VPOS="2337" HPOS="497"/><String STYLE="italics" CONTENT="(USA)" HEIGHT="32" WIDTH="88" VPOS="2331" HPOS="510"/><SP WIDTH="11" VPOS="2332" HPOS="599"/><String STYLE="italics" CONTENT="into" HEIGHT="22" WIDTH="58" VPOS="2335" HPOS="611"/><SP WIDTH="6" VPOS="2340" HPOS="670"/><String STYLE="italics" CONTENT="a" HEIGHT="16" WIDTH="18" VPOS="2341" HPOS="677"/></TextLine>
<TextLine HEIGHT="34" WIDTH="226" VPOS="2374" HPOS="187"><String STYLE="italics" CONTENT="gigantic" HEIGHT="30" WIDTH="122" VPOS="2378" HPOS="187"/><SP WIDTH="9" VPOS="2384" HPOS="310"/><String STYLE="italics" CONTENT="valley." HEIGHT="34" WIDTH="93" VPOS="2374" HPOS="320"/></TextLine>
<TextLine HEIGHT="35" WIDTH="450" VPOS="2417" HPOS="189"><String STYLE="italics" CONTENT="The" HEIGHT="26" WIDTH="53" VPOS="2418" HPOS="189"/><SP WIDTH="9" VPOS="2428" HPOS="243"/><String STYLE="italics" CONTENT="maximum" HEIGHT="22" WIDTH="144" VPOS="2422" HPOS="253"/><SP WIDTH="10" VPOS="2417" HPOS="398"/><String STYLE="italics" CONTENT="depth" HEIGHT="35" WIDTH="81" VPOS="2417" HPOS="409"/><SP WIDTH="10" VPOS="2418" HPOS="491"/><String STYLE="italics" CONTENT="is" HEIGHT="23" WIDTH="23" VPOS="2421" HPOS="502"/><SP WIDTH="10" VPOS="2419" HPOS="526"/><String STYLE="italics" CONTENT="1.9" HEIGHT="28" WIDTH="46" VPOS="2419" HPOS="537"/><SP WIDTH="7" VPOS="2418" HPOS="584"/><String STYLE="italics" CONTENT="km." HEIGHT="26" WIDTH="47" VPOS="2418" HPOS="592"/></TextLine>
</TextBlock><Illustration ID="BlockId-AD64208A-6857-4E0F-8E37-CF92F2DA4987-" HEIGHT="468" WIDTH="618" VPOS="2509" HPOS="174"/>
<TextBlock ID="BlockId-067C9ABC-056F-4C33-AACE-E1444FE009DA-" HEIGHT="304" WIDTH="640" VPOS="3012" HPOS="159" STYLEREFS="StyleId-658AA064-D672-4C40-9701-BA6A1512B31D- font1">
<TextLine HEIGHT="36" WIDTH="628" VPOS="3017" HPOS="164"><String STYLE="italics" CONTENT="Mississippi" HEIGHT="34" WIDTH="173" VPOS="3018" HPOS="164"/><SP WIDTH="14" VPOS="3018" HPOS="338"/><String STYLE="italics" CONTENT="Delta:" HEIGHT="26" WIDTH="94" VPOS="3018" HPOS="353"/><SP WIDTH="21" VPOS="3023" HPOS="448"/><String STYLE="italics" CONTENT="the" HEIGHT="27" WIDTH="44" VPOS="3017" HPOS="470"/><SP WIDTH="16" VPOS="3028" HPOS="515"/><String STYLE="italics" CONTENT="river" HEIGHT="22" WIDTH="73" VPOS="3022" HPOS="532"/><SP WIDTH="13" VPOS="3018" HPOS="606"/><String STYLE="italics" CONTENT="Mississippi" HEIGHT="35" WIDTH="172" VPOS="3018" HPOS="620"/></TextLine>
<TextLine HEIGHT="35" WIDTH="624" VPOS="3060" HPOS="168"><String STYLE="italics" CONTENT="collects" HEIGHT="27" WIDTH="114" VPOS="3060" HPOS="168"/><SP WIDTH="24" VPOS="3070" HPOS="283"/><String STYLE="italics" CONTENT="a" HEIGHT="17" WIDTH="16" VPOS="3070" HPOS="308"/><SP WIDTH="25" VPOS="3070" HPOS="325"/><String STYLE="italics" CONTENT="great" HEIGHT="29" WIDTH="79" VPOS="3066" HPOS="351"/><SP WIDTH="23" VPOS="3066" HPOS="431"/><String STYLE="italics" CONTENT="amount" HEIGHT="21" WIDTH="112" VPOS="3066" HPOS="455"/><SP WIDTH="23" VPOS="3066" HPOS="568"/><String STYLE="italics" CONTENT="of" HEIGHT="34" WIDTH="35" VPOS="3061" HPOS="592"/><SP WIDTH="15" VPOS="3061" HPOS="628"/><String STYLE="italics" CONTENT="sediments" HEIGHT="27" WIDTH="148" VPOS="3061" HPOS="644"/></TextLine>
<TextLine HEIGHT="35" WIDTH="621" VPOS="3104" HPOS="169"><String STYLE="italics" CONTENT="along" HEIGHT="34" WIDTH="86" VPOS="3104" HPOS="169"/><SP WIDTH="7" VPOS="3108" HPOS="256"/><String STYLE="italics" CONTENT="its" HEIGHT="23" WIDTH="34" VPOS="3108" HPOS="264"/><SP WIDTH="9" VPOS="3104" HPOS="299"/><String STYLE="italics" CONTENT="long" HEIGHT="34" WIDTH="67" VPOS="3104" HPOS="309"/><SP WIDTH="6" VPOS="3114" HPOS="377"/><String STYLE="italics" CONTENT="run" HEIGHT="16" WIDTH="50" VPOS="3114" HPOS="384"/><SP WIDTH="10" VPOS="3114" HPOS="435"/><String STYLE="italics" CONTENT="and" HEIGHT="26" WIDTH="58" VPOS="3104" HPOS="446"/><SP WIDTH="7" VPOS="3104" HPOS="505"/><String STYLE="italics" CONTENT="then" HEIGHT="27" WIDTH="62" VPOS="3104" HPOS="513"/><SP WIDTH="10" VPOS="3104" HPOS="576"/><String STYLE="italics" CONTENT="drops" HEIGHT="35" WIDTH="83" VPOS="3104" HPOS="587"/><SP WIDTH="10" VPOS="3109" HPOS="671"/><String STYLE="italics" CONTENT="them" HEIGHT="27" WIDTH="69" VPOS="3104" HPOS="682"/><SP WIDTH="11" VPOS="3108" HPOS="752"/><String STYLE="italics" CONTENT="in" HEIGHT="22" WIDTH="26" VPOS="3108" HPOS="764"/></TextLine>
<TextLine HEIGHT="37" WIDTH="623" VPOS="3145" HPOS="169"><String STYLE="italics" CONTENT="the" HEIGHT="26" WIDTH="44" VPOS="3147" HPOS="169"/><SP WIDTH="25" VPOS="3145" HPOS="214"/><String STYLE="italics" CONTENT="Gulf" HEIGHT="36" WIDTH="74" VPOS="3145" HPOS="240"/><SP WIDTH="17" VPOS="3147" HPOS="315"/><String STYLE="italics" CONTENT="of" HEIGHT="36" WIDTH="37" VPOS="3146" HPOS="333"/><SP WIDTH="12" VPOS="3146" HPOS="371"/><String STYLE="italics" CONTENT="Mexico." HEIGHT="29" WIDTH="119" VPOS="3146" HPOS="384"/><SP WIDTH="32" VPOS="3147" HPOS="504"/><String STYLE="italics" CONTENT="This" HEIGHT="28" WIDTH="62" VPOS="3146" HPOS="537"/><SP WIDTH="24" VPOS="3156" HPOS="600"/><String STYLE="italics" CONTENT="slow" HEIGHT="27" WIDTH="68" VPOS="3147" HPOS="625"/><SP WIDTH="25" VPOS="3156" HPOS="694"/><String STYLE="italics" CONTENT="river" HEIGHT="22" WIDTH="72" VPOS="3151" HPOS="720"/></TextLine>
<TextLine HEIGHT="30" WIDTH="623" VPOS="3189" HPOS="169"><String STYLE="italics" CONTENT="leaves" HEIGHT="27" WIDTH="94" VPOS="3189" HPOS="169"/><SP WIDTH="9" VPOS="3195" HPOS="264"/><String STYLE="italics" CONTENT="these" HEIGHT="26" WIDTH="74" VPOS="3190" HPOS="274"/><SP WIDTH="11" VPOS="3200" HPOS="349"/><String STYLE="italics" CONTENT="sediments" HEIGHT="26" WIDTH="147" VPOS="3190" HPOS="361"/><SP WIDTH="10" VPOS="3194" HPOS="509"/><String STYLE="italics" CONTENT="in" HEIGHT="22" WIDTH="29" VPOS="3194" HPOS="520"/><SP WIDTH="10" VPOS="3195" HPOS="550"/><String STYLE="italics" CONTENT="the" HEIGHT="27" WIDTH="43" VPOS="3189" HPOS="561"/><SP WIDTH="10" VPOS="3200" HPOS="605"/><String STYLE="italics" CONTENT="mouth," HEIGHT="29" WIDTH="98" VPOS="3190" HPOS="616"/><SP WIDTH="15" VPOS="3195" HPOS="715"/><String STYLE="italics" CONTENT="thus" HEIGHT="26" WIDTH="61" VPOS="3190" HPOS="731"/></TextLine>
<TextLine HEIGHT="34" WIDTH="624" VPOS="3233" HPOS="169"><String STYLE="italics" CONTENT="Creating" HEIGHT="30" WIDTH="125" VPOS="3237" HPOS="169"/><SP WIDTH="17" VPOS="3243" HPOS="295"/><String STYLE="italics" CONTENT="areas" HEIGHT="19" WIDTH="82" VPOS="3241" HPOS="313"/><SP WIDTH="17" VPOS="3241" HPOS="396"/><String STYLE="italics" CONTENT="of" HEIGHT="34" WIDTH="35" VPOS="3233" HPOS="414"/><SP WIDTH="10" VPOS="3233" HPOS="450"/><String STYLE="italics" CONTENT="new" HEIGHT="19" WIDTH="59" VPOS="3243" HPOS="461"/><SP WIDTH="19" VPOS="3233" HPOS="521"/><String STYLE="italics" CONTENT="land" HEIGHT="27" WIDTH="69" VPOS="3233" HPOS="541"/><SP WIDTH="15" VPOS="3233" HPOS="611"/><String STYLE="italics" CONTENT="that" HEIGHT="26" WIDTH="59" VPOS="3233" HPOS="627"/><SP WIDTH="20" VPOS="3233" HPOS="687"/><String STYLE="italics" CONTENT="didn&apos;t" HEIGHT="26" WIDTH="85" VPOS="3233" HPOS="708"/></TextLine>
<TextLine HEIGHT="34" WIDTH="179" VPOS="3276" HPOS="168"><String STYLE="italics" CONTENT="exist" HEIGHT="22" WIDTH="70" VPOS="3280" HPOS="168"/><SP WIDTH="8" VPOS="3276" HPOS="239"/><String STYLE="italics" CONTENT="before." HEIGHT="34" WIDTH="99" VPOS="3276" HPOS="248"/></TextLine>
</TextBlock></ComposedBlock>
<ComposedBlock ID="BlockId-78F821DB-412C-400F-8785-71E6E3053603-" HEIGHT="2453" WIDTH="1375" VPOS="858" HPOS="901" TYPE="container">
<TextBlock ID="BlockId-49EA5BCD-1A4D-41DE-AD3F-591472307EE5-" HEIGHT="1990" WIDTH="1375" VPOS="858" HPOS="901" STYLEREFS="StyleId-672F33A4-C3A5-424F-8BE6-1425B7B3F509- font2">
<TextLine HEIGHT="41" WIDTH="182" VPOS="864" HPOS="911" STYLEREFS="StyleId-2E742638-2C8F-433D-BB43-AA44DB97E9D0- font3"><String STYLE="bold" CONTENT="Seasons" HEIGHT="41" WIDTH="182" VPOS="864" HPOS="911"/></TextLine>
<TextLine HEIGHT="38" WIDTH="1360" VPOS="925" HPOS="908"><String CONTENT="Each" HEIGHT="29" WIDTH="84" VPOS="925" HPOS="908"/><SP WIDTH="15" VPOS="925" HPOS="993"/><String CONTENT="24" HEIGHT="28" WIDTH="39" VPOS="926" HPOS="1009"/><SP WIDTH="18" VPOS="925" HPOS="1049"/><String CONTENT="hours" HEIGHT="29" WIDTH="91" VPOS="925" HPOS="1068"/><SP WIDTH="16" VPOS="929" HPOS="1160"/><String CONTENT="the" HEIGHT="29" WIDTH="50" VPOS="925" HPOS="1177"/><SP WIDTH="16" VPOS="926" HPOS="1228"/><String CONTENT="Earth" HEIGHT="29" WIDTH="90" VPOS="925" HPOS="1245"/><SP WIDTH="17" VPOS="925" HPOS="1336"/><String CONTENT="completes" HEIGHT="38" WIDTH="167" VPOS="925" HPOS="1354"/><SP WIDTH="17" VPOS="935" HPOS="1522"/><String CONTENT="a" HEIGHT="19" WIDTH="17" VPOS="935" HPOS="1540"/><SP WIDTH="16" VPOS="925" HPOS="1558"/><String CONTENT="full" HEIGHT="29" WIDTH="57" VPOS="925" HPOS="1575"/><SP WIDTH="17" VPOS="925" HPOS="1633"/><String CONTENT="revolution" HEIGHT="29" WIDTH="171" VPOS="925" HPOS="1651"/><SP WIDTH="15" VPOS="935" HPOS="1823"/><String CONTENT="around" HEIGHT="29" WIDTH="114" VPOS="925" HPOS="1839"/><SP WIDTH="17" VPOS="925" HPOS="1954"/><String CONTENT="its" HEIGHT="29" WIDTH="37" VPOS="925" HPOS="1972"/><SP WIDTH="18" VPOS="934" HPOS="2010"/><String CONTENT="axis," HEIGHT="31" WIDTH="74" VPOS="925" HPOS="2029"/><SP WIDTH="17" VPOS="934" HPOS="2104"/><String CONTENT="which" HEIGHT="29" WIDTH="101" VPOS="925" HPOS="2122"/><SP WIDTH="17" VPOS="925" HPOS="2224"/><String CONTENT="is" HEIGHT="29" WIDTH="26" VPOS="925" HPOS="2242"/></TextLine>
<TextLine HEIGHT="38" WIDTH="1359" VPOS="976" HPOS="909"><String CONTENT="inclined" HEIGHT="29" WIDTH="134" VPOS="976" HPOS="909"/><SP WIDTH="13" VPOS="976" HPOS="1044"/><String CONTENT="by" HEIGHT="38" WIDTH="40" VPOS="976" HPOS="1058"/><SP WIDTH="14" VPOS="977" HPOS="1099"/><String CONTENT="23.5°" HEIGHT="29" WIDTH="87" VPOS="977" HPOS="1114"/><SP WIDTH="14" VPOS="977" HPOS="1202"/><String CONTENT="to" HEIGHT="25" WIDTH="30" VPOS="980" HPOS="1217"/><SP WIDTH="14" VPOS="980" HPOS="1248"/><String CONTENT="the" HEIGHT="29" WIDTH="50" VPOS="976" HPOS="1263"/><SP WIDTH="13" VPOS="986" HPOS="1314"/><String CONTENT="vertical." HEIGHT="29" WIDTH="132" VPOS="976" HPOS="1328"/><SP WIDTH="17" VPOS="977" HPOS="1461"/><String CONTENT="This" HEIGHT="29" WIDTH="72" VPOS="976" HPOS="1479"/><SP WIDTH="15" VPOS="976" HPOS="1552"/><String CONTENT="inclination" HEIGHT="29" WIDTH="178" VPOS="976" HPOS="1568"/><SP WIDTH="12" VPOS="976" HPOS="1747"/><String CONTENT="is" HEIGHT="29" WIDTH="26" VPOS="976" HPOS="1760"/><SP WIDTH="13" VPOS="980" HPOS="1787"/><String CONTENT="the" HEIGHT="29" WIDTH="50" VPOS="976" HPOS="1801"/><SP WIDTH="15" VPOS="986" HPOS="1852"/><String CONTENT="reason" HEIGHT="19" WIDTH="108" VPOS="986" HPOS="1868"/><SP WIDTH="12" VPOS="985" HPOS="1977"/><String CONTENT="why" HEIGHT="38" WIDTH="70" VPOS="976" HPOS="1990"/><SP WIDTH="14" VPOS="980" HPOS="2061"/><String CONTENT="the" HEIGHT="29" WIDTH="50" VPOS="976" HPOS="2076"/><SP WIDTH="16" VPOS="986" HPOS="2127"/><String CONTENT="seasons" HEIGHT="19" WIDTH="124" VPOS="986" HPOS="2144"/></TextLine>
<TextLine HEIGHT="38" WIDTH="801" VPOS="1024" HPOS="909"><String CONTENT="change" HEIGHT="38" WIDTH="116" VPOS="1024" HPOS="909"/><SP WIDTH="10" VPOS="1034" HPOS="1026"/><String CONTENT="on" HEIGHT="19" WIDTH="42" VPOS="1034" HPOS="1037"/><SP WIDTH="8" VPOS="1028" HPOS="1080"/><String CONTENT="the" HEIGHT="29" WIDTH="49" VPOS="1024" HPOS="1089"/><SP WIDTH="10" VPOS="1025" HPOS="1139"/><String CONTENT="Earth" HEIGHT="29" WIDTH="91" VPOS="1024" HPOS="1150"/><SP WIDTH="8" VPOS="1024" HPOS="1242"/><String CONTENT="as" HEIGHT="19" WIDTH="33" VPOS="1034" HPOS="1251"/><SP WIDTH="10" VPOS="1024" HPOS="1285"/><String CONTENT="it" HEIGHT="29" WIDTH="23" VPOS="1024" HPOS="1296"/><SP WIDTH="9" VPOS="1029" HPOS="1320"/><String CONTENT="rotates" HEIGHT="25" WIDTH="109" VPOS="1028" HPOS="1330"/><SP WIDTH="10" VPOS="1034" HPOS="1440"/><String CONTENT="around" HEIGHT="28" WIDTH="115" VPOS="1025" HPOS="1451"/><SP WIDTH="9" VPOS="1025" HPOS="1567"/><String CONTENT="the" HEIGHT="29" WIDTH="49" VPOS="1024" HPOS="1577"/><SP WIDTH="13" VPOS="1025" HPOS="1627"/><String CONTENT="Sun." HEIGHT="28" WIDTH="69" VPOS="1025" HPOS="1641"/></TextLine>
<TextLine HEIGHT="41" WIDTH="226" VPOS="1119" HPOS="911" STYLEREFS="StyleId-2E742638-2C8F-433D-BB43-AA44DB97E9D0- font3"><String STYLE="bold" CONTENT="Structure" HEIGHT="41" WIDTH="226" VPOS="1119" HPOS="911"/></TextLine>
<TextLine HEIGHT="39" WIDTH="1359" VPOS="1183" HPOS="909"><String CONTENT="The" HEIGHT="29" WIDTH="62" VPOS="1183" HPOS="909"/><SP WIDTH="16" VPOS="1193" HPOS="972"/><String CONTENT="central" HEIGHT="28" WIDTH="111" VPOS="1184" HPOS="989"/><SP WIDTH="13" VPOS="1184" HPOS="1101"/><String CONTENT="part" HEIGHT="34" WIDTH="65" VPOS="1187" HPOS="1115"/><SP WIDTH="13" VPOS="1187" HPOS="1181"/><String CONTENT="of" HEIGHT="29" WIDTH="37" VPOS="1183" HPOS="1195"/><SP WIDTH="9" VPOS="1183" HPOS="1233"/><String CONTENT="Earth" HEIGHT="29" WIDTH="90" VPOS="1183" HPOS="1243"/><SP WIDTH="14" VPOS="1183" HPOS="1334"/><String CONTENT="is" HEIGHT="29" WIDTH="26" VPOS="1183" HPOS="1349"/><SP WIDTH="14" VPOS="1193" HPOS="1376"/><String CONTENT="a" HEIGHT="19" WIDTH="17" VPOS="1193" HPOS="1391"/><SP WIDTH="14" VPOS="1193" HPOS="1409"/><String CONTENT="metal" HEIGHT="29" WIDTH="91" VPOS="1183" HPOS="1424"/><SP WIDTH="14" VPOS="1183" HPOS="1516"/><String CONTENT="core;" HEIGHT="21" WIDTH="80" VPOS="1193" HPOS="1531"/><SP WIDTH="16" VPOS="1183" HPOS="1612"/><String CONTENT="it’s" HEIGHT="29" WIDTH="51" VPOS="1183" HPOS="1629"/><SP WIDTH="12" VPOS="1193" HPOS="1681"/><String CONTENT="very" HEIGHT="29" WIDTH="74" VPOS="1193" HPOS="1694"/><SP WIDTH="15" VPOS="1183" HPOS="1769"/><String CONTENT="hot" HEIGHT="29" WIDTH="53" VPOS="1183" HPOS="1785"/><SP WIDTH="11" VPOS="1187" HPOS="1839"/><String CONTENT="-" HEIGHT="2" WIDTH="21" VPOS="1201" HPOS="1851"/><SP WIDTH="15" VPOS="1193" HPOS="1873"/><String CONTENT="some" HEIGHT="19" WIDTH="84" VPOS="1193" HPOS="1889"/><SP WIDTH="15" VPOS="1184" HPOS="1974"/><String CONTENT="4000°C," HEIGHT="30" WIDTH="134" VPOS="1184" HPOS="1990"/><SP WIDTH="16" VPOS="1193" HPOS="2125"/><String CONTENT="and" HEIGHT="29" WIDTH="60" VPOS="1183" HPOS="2142"/><SP WIDTH="13" VPOS="1183" HPOS="2203"/><String CONTENT="it’s" HEIGHT="29" WIDTH="51" VPOS="1183" HPOS="2217"/></TextLine>
<TextLine HEIGHT="38" WIDTH="1360" VPOS="1231" HPOS="910"><String CONTENT="surrounded" HEIGHT="29" WIDTH="186" VPOS="1231" HPOS="910"/><SP WIDTH="8" VPOS="1231" HPOS="1097"/><String CONTENT="by" HEIGHT="38" WIDTH="40" VPOS="1231" HPOS="1106"/><SP WIDTH="11" VPOS="1241" HPOS="1147"/><String CONTENT="a" HEIGHT="19" WIDTH="17" VPOS="1241" HPOS="1159"/><SP WIDTH="11" VPOS="1241" HPOS="1177"/><String CONTENT="shell" HEIGHT="29" WIDTH="75" VPOS="1231" HPOS="1189"/><SP WIDTH="11" VPOS="1231" HPOS="1265"/><String CONTENT="of" HEIGHT="29" WIDTH="37" VPOS="1231" HPOS="1277"/><SP WIDTH="7" VPOS="1231" HPOS="1315"/><String CONTENT="liquid" HEIGHT="38" WIDTH="96" VPOS="1231" HPOS="1323"/><SP WIDTH="11" VPOS="1231" HPOS="1420"/><String CONTENT="iron" HEIGHT="29" WIDTH="66" VPOS="1231" HPOS="1432"/><SP WIDTH="7" VPOS="1235" HPOS="1499"/><String CONTENT="that" HEIGHT="29" WIDTH="63" VPOS="1231" HPOS="1507"/><SP WIDTH="9" VPOS="1235" HPOS="1571"/><String CONTENT="creates" HEIGHT="25" WIDTH="114" VPOS="1235" HPOS="1581"/><SP WIDTH="9" VPOS="1235" HPOS="1696"/><String CONTENT="the" HEIGHT="29" WIDTH="50" VPOS="1231" HPOS="1706"/><SP WIDTH="11" VPOS="1241" HPOS="1757"/><String CONTENT="magnetic" HEIGHT="38" WIDTH="150" VPOS="1231" HPOS="1769"/><SP WIDTH="10" VPOS="1231" HPOS="1920"/><String CONTENT="field" HEIGHT="29" WIDTH="76" VPOS="1231" HPOS="1931"/><SP WIDTH="10" VPOS="1231" HPOS="2008"/><String CONTENT="of" HEIGHT="29" WIDTH="37" VPOS="1231" HPOS="2019"/><SP WIDTH="5" VPOS="1231" HPOS="2057"/><String CONTENT="Earth." HEIGHT="29" WIDTH="97" VPOS="1231" HPOS="2063"/><SP WIDTH="13" VPOS="1232" HPOS="2161"/><String CONTENT="Outer" HEIGHT="28" WIDTH="95" VPOS="1232" HPOS="2175"/></TextLine>
<TextLine HEIGHT="39" WIDTH="1361" VPOS="1278" HPOS="909"><String CONTENT="layers" HEIGHT="38" WIDTH="97" VPOS="1279" HPOS="909"/><SP WIDTH="22" VPOS="1278" HPOS="1007"/><String CONTENT="form" HEIGHT="31" WIDTH="76" VPOS="1278" HPOS="1030"/><SP WIDTH="19" VPOS="1283" HPOS="1107"/><String CONTENT="the" HEIGHT="29" WIDTH="49" VPOS="1279" HPOS="1127"/><SP WIDTH="20" VPOS="1289" HPOS="1177"/><String CONTENT="mantle" HEIGHT="29" WIDTH="111" VPOS="1279" HPOS="1198"/><SP WIDTH="20" VPOS="1289" HPOS="1310"/><String CONTENT="made" HEIGHT="29" WIDTH="87" VPOS="1279" HPOS="1331"/><SP WIDTH="19" VPOS="1289" HPOS="1419"/><String CONTENT="up" HEIGHT="28" WIDTH="41" VPOS="1289" HPOS="1439"/><SP WIDTH="19" VPOS="1289" HPOS="1481"/><String CONTENT="of" HEIGHT="29" WIDTH="37" VPOS="1279" HPOS="1501"/><SP WIDTH="16" VPOS="1279" HPOS="1539"/><String CONTENT="rocky" HEIGHT="38" WIDTH="91" VPOS="1279" HPOS="1556"/><SP WIDTH="21" VPOS="1289" HPOS="1648"/><String CONTENT="substances," HEIGHT="31" WIDTH="184" VPOS="1279" HPOS="1670"/><SP WIDTH="21" VPOS="1289" HPOS="1855"/><String CONTENT="over" HEIGHT="19" WIDTH="74" VPOS="1289" HPOS="1877"/><SP WIDTH="17" VPOS="1288" HPOS="1952"/><String CONTENT="which" HEIGHT="32" WIDTH="100" VPOS="1278" HPOS="1970"/><SP WIDTH="20" VPOS="1278" HPOS="2071"/><String CONTENT="are" HEIGHT="19" WIDTH="48" VPOS="1289" HPOS="2092"/><SP WIDTH="19" VPOS="1279" HPOS="2141"/><String CONTENT="lighter" HEIGHT="38" WIDTH="109" VPOS="1279" HPOS="2161"/></TextLine>
<TextLine HEIGHT="38" WIDTH="1357" VPOS="1327" HPOS="910"><String CONTENT="substances" HEIGHT="29" WIDTH="175" VPOS="1327" HPOS="910"/><SP WIDTH="20" VPOS="1331" HPOS="1086"/><String CONTENT="that" HEIGHT="29" WIDTH="63" VPOS="1327" HPOS="1107"/><SP WIDTH="19" VPOS="1327" HPOS="1171"/><String CONTENT="fonn" HEIGHT="29" WIDTH="82" VPOS="1327" HPOS="1191"/><SP WIDTH="18" VPOS="1331" HPOS="1274"/><String CONTENT="the" HEIGHT="29" WIDTH="50" VPOS="1327" HPOS="1293"/><SP WIDTH="22" VPOS="1337" HPOS="1344"/><String CONTENT="crust." HEIGHT="25" WIDTH="87" VPOS="1331" HPOS="1367"/><SP WIDTH="23" VPOS="1328" HPOS="1455"/><String CONTENT="The" HEIGHT="29" WIDTH="63" VPOS="1327" HPOS="1479"/><SP WIDTH="22" VPOS="1337" HPOS="1543"/><String CONTENT="atmosphere" HEIGHT="38" WIDTH="189" VPOS="1327" HPOS="1566"/><SP WIDTH="23" VPOS="1337" HPOS="1756"/><String CONTENT="is" HEIGHT="19" WIDTH="25" VPOS="1337" HPOS="1780"/><SP WIDTH="21" VPOS="1337" HPOS="1806"/><String CONTENT="made" HEIGHT="29" WIDTH="88" VPOS="1327" HPOS="1828"/><SP WIDTH="21" VPOS="1337" HPOS="1917"/><String CONTENT="of" HEIGHT="29" WIDTH="37" VPOS="1327" HPOS="1939"/><SP WIDTH="18" VPOS="1327" HPOS="1977"/><String CONTENT="nitrogen" HEIGHT="38" WIDTH="138" VPOS="1327" HPOS="1996"/><SP WIDTH="20" VPOS="1329" HPOS="2135"/><String CONTENT="(77%)." HEIGHT="35" WIDTH="111" VPOS="1328" HPOS="2156"/></TextLine>
<TextLine HEIGHT="39" WIDTH="1013" VPOS="1375" HPOS="909"><String CONTENT="oxygen" HEIGHT="30" WIDTH="123" VPOS="1384" HPOS="909"/><SP WIDTH="9" VPOS="1377" HPOS="1033"/><String CONTENT="(21%)." HEIGHT="35" WIDTH="110" VPOS="1376" HPOS="1043"/><SP WIDTH="12" VPOS="1385" HPOS="1154"/><String CONTENT="and" HEIGHT="29" WIDTH="59" VPOS="1375" HPOS="1167"/><SP WIDTH="10" VPOS="1375" HPOS="1227"/><String CONTENT="a" HEIGHT="19" WIDTH="17" VPOS="1385" HPOS="1238"/><SP WIDTH="10" VPOS="1385" HPOS="1256"/><String CONTENT="mixture" HEIGHT="29" WIDTH="127" VPOS="1375" HPOS="1267"/><SP WIDTH="11" VPOS="1385" HPOS="1395"/><String CONTENT="of" HEIGHT="29" WIDTH="36" VPOS="1375" HPOS="1407"/><SP WIDTH="6" VPOS="1375" HPOS="1444"/><String CONTENT="water" HEIGHT="25" WIDTH="93" VPOS="1379" HPOS="1451"/><SP WIDTH="7" VPOS="1385" HPOS="1545"/><String CONTENT="vapor" HEIGHT="28" WIDTH="97" VPOS="1385" HPOS="1553"/><SP WIDTH="8" VPOS="1385" HPOS="1651"/><String CONTENT="and" HEIGHT="29" WIDTH="59" VPOS="1375" HPOS="1660"/><SP WIDTH="9" VPOS="1375" HPOS="1720"/><String CONTENT="other" HEIGHT="29" WIDTH="86" VPOS="1375" HPOS="1730"/><SP WIDTH="8" VPOS="1385" HPOS="1817"/><String CONTENT="gases." HEIGHT="28" WIDTH="96" VPOS="1385" HPOS="1826"/></TextLine>
<TextLine HEIGHT="52" WIDTH="399" VPOS="1470" HPOS="910" STYLEREFS="StyleId-2E742638-2C8F-433D-BB43-AA44DB97E9D0- font3"><String STYLE="bold" CONTENT="Magnetic" HEIGHT="52" WIDTH="221" VPOS="1470" HPOS="910"/><SP WIDTH="14" VPOS="1471" HPOS="1132"/><String STYLE="bold" CONTENT="bubble" HEIGHT="40" WIDTH="162" VPOS="1471" HPOS="1147"/></TextLine>
<TextLine HEIGHT="38" WIDTH="1359" VPOS="1532" HPOS="909"><String CONTENT="The" HEIGHT="29" WIDTH="62" VPOS="1532" HPOS="909"/><SP WIDTH="14" VPOS="1542" HPOS="972"/><String CONTENT="rotation" HEIGHT="29" WIDTH="129" VPOS="1532" HPOS="987"/><SP WIDTH="12" VPOS="1542" HPOS="1117"/><String CONTENT="of" HEIGHT="29" WIDTH="37" VPOS="1532" HPOS="1130"/><SP WIDTH="8" VPOS="1532" HPOS="1168"/><String CONTENT="Earth" HEIGHT="29" WIDTH="91" VPOS="1532" HPOS="1177"/><SP WIDTH="12" VPOS="1532" HPOS="1269"/><String CONTENT="around" HEIGHT="29" WIDTH="115" VPOS="1532" HPOS="1282"/><SP WIDTH="13" VPOS="1532" HPOS="1398"/><String CONTENT="its" HEIGHT="29" WIDTH="36" VPOS="1532" HPOS="1412"/><SP WIDTH="13" VPOS="1542" HPOS="1449"/><String CONTENT="axis" HEIGHT="29" WIDTH="65" VPOS="1532" HPOS="1463"/><SP WIDTH="14" VPOS="1542" HPOS="1529"/><String CONTENT="generates" HEIGHT="34" WIDTH="155" VPOS="1536" HPOS="1544"/><SP WIDTH="13" VPOS="1532" HPOS="1700"/><String CONTENT="forceful" HEIGHT="29" WIDTH="131" VPOS="1532" HPOS="1714"/><SP WIDTH="13" VPOS="1532" HPOS="1846"/><String CONTENT="electrical" HEIGHT="29" WIDTH="151" VPOS="1532" HPOS="1860"/><SP WIDTH="12" VPOS="1532" HPOS="2012"/><String CONTENT="currents" HEIGHT="25" WIDTH="133" VPOS="1538" HPOS="2025"/><SP WIDTH="13" VPOS="1532" HPOS="2159"/><String CONTENT="in" HEIGHT="29" WIDTH="33" VPOS="1532" HPOS="2173"/><SP WIDTH="10" VPOS="1536" HPOS="2207"/><String CONTENT="the" HEIGHT="29" WIDTH="50" VPOS="1532" HPOS="2218"/></TextLine>
<TextLine HEIGHT="39" WIDTH="1360" VPOS="1579" HPOS="910"><String CONTENT="iron" HEIGHT="29" WIDTH="66" VPOS="1580" HPOS="910"/><SP WIDTH="9" VPOS="1590" HPOS="977"/><String CONTENT="core" HEIGHT="19" WIDTH="69" VPOS="1590" HPOS="987"/><SP WIDTH="11" VPOS="1590" HPOS="1057"/><String CONTENT="of" HEIGHT="29" WIDTH="37" VPOS="1580" HPOS="1069"/><SP WIDTH="5" VPOS="1580" HPOS="1107"/><String CONTENT="the" HEIGHT="29" WIDTH="50" VPOS="1580" HPOS="1113"/><SP WIDTH="10" VPOS="1590" HPOS="1164"/><String CONTENT="planet" HEIGHT="38" WIDTH="102" VPOS="1580" HPOS="1175"/><SP WIDTH="10" VPOS="1584" HPOS="1278"/><String CONTENT="and" HEIGHT="29" WIDTH="59" VPOS="1580" HPOS="1289"/><SP WIDTH="8" VPOS="1580" HPOS="1349"/><String CONTENT="this" HEIGHT="29" WIDTH="59" VPOS="1580" HPOS="1358"/><SP WIDTH="11" VPOS="1590" HPOS="1418"/><String CONTENT="creates" HEIGHT="25" WIDTH="113" VPOS="1584" HPOS="1430"/><SP WIDTH="10" VPOS="1585" HPOS="1544"/><String CONTENT="the" HEIGHT="29" WIDTH="49" VPOS="1580" HPOS="1555"/><SP WIDTH="11" VPOS="1590" HPOS="1605"/><String CONTENT="magnetic" HEIGHT="38" WIDTH="151" VPOS="1580" HPOS="1617"/><SP WIDTH="10" VPOS="1580" HPOS="1769"/><String CONTENT="field." HEIGHT="29" WIDTH="83" VPOS="1580" HPOS="1780"/><SP WIDTH="13" VPOS="1581" HPOS="1864"/><String CONTENT="This" HEIGHT="29" WIDTH="72" VPOS="1580" HPOS="1878"/><SP WIDTH="10" VPOS="1580" HPOS="1951"/><String CONTENT="field" HEIGHT="29" WIDTH="76" VPOS="1580" HPOS="1962"/><SP WIDTH="11" VPOS="1579" HPOS="2039"/><String CONTENT="forms" HEIGHT="31" WIDTH="94" VPOS="1579" HPOS="2051"/><SP WIDTH="11" VPOS="1590" HPOS="2146"/><String CONTENT="a" HEIGHT="19" WIDTH="17" VPOS="1590" HPOS="2158"/><SP WIDTH="10" VPOS="1590" HPOS="2176"/><String CONTENT="giant" HEIGHT="38" WIDTH="83" VPOS="1580" HPOS="2187"/></TextLine>
<TextLine HEIGHT="38" WIDTH="1359" VPOS="1628" HPOS="909"><String CONTENT="“bubble”" HEIGHT="30" WIDTH="147" VPOS="1628" HPOS="909"/><SP WIDTH="22" VPOS="1628" HPOS="1057"/><String CONTENT="in" HEIGHT="29" WIDTH="30" VPOS="1628" HPOS="1080"/><SP WIDTH="17" VPOS="1632" HPOS="1111"/><String CONTENT="the" HEIGHT="29" WIDTH="50" VPOS="1628" HPOS="1129"/><SP WIDTH="20" VPOS="1638" HPOS="1180"/><String CONTENT="near-Earth" HEIGHT="29" WIDTH="175" VPOS="1628" HPOS="1201"/><SP WIDTH="19" VPOS="1628" HPOS="1377"/><String CONTENT="space" HEIGHT="28" WIDTH="89" VPOS="1638" HPOS="1397"/><SP WIDTH="20" VPOS="1638" HPOS="1487"/><String CONTENT="called" HEIGHT="29" WIDTH="98" VPOS="1628" HPOS="1508"/><SP WIDTH="17" VPOS="1628" HPOS="1607"/><String CONTENT="the" HEIGHT="29" WIDTH="50" VPOS="1628" HPOS="1625"/><SP WIDTH="21" VPOS="1629" HPOS="1676"/><String CONTENT="&quot;magnetosphere”." HEIGHT="38" WIDTH="292" VPOS="1628" HPOS="1698"/><SP WIDTH="21" VPOS="1629" HPOS="1991"/><String CONTENT="Magnetosphere" HEIGHT="38" WIDTH="255" VPOS="1628" HPOS="2013"/></TextLine>
<TextLine HEIGHT="38" WIDTH="1360" VPOS="1675" HPOS="908"><String CONTENT="protects" HEIGHT="34" WIDTH="131" VPOS="1679" HPOS="908"/><SP WIDTH="13" VPOS="1676" HPOS="1040"/><String CONTENT="Earth" HEIGHT="29" WIDTH="92" VPOS="1675" HPOS="1054"/><SP WIDTH="11" VPOS="1675" HPOS="1147"/><String CONTENT="from" HEIGHT="29" WIDTH="82" VPOS="1675" HPOS="1159"/><SP WIDTH="11" VPOS="1679" HPOS="1242"/><String CONTENT="the" HEIGHT="29" WIDTH="50" VPOS="1675" HPOS="1254"/><SP WIDTH="16" VPOS="1685" HPOS="1305"/><String CONTENT="solar" HEIGHT="29" WIDTH="80" VPOS="1675" HPOS="1322"/><SP WIDTH="11" VPOS="1685" HPOS="1403"/><String CONTENT="wind" HEIGHT="29" WIDTH="84" VPOS="1675" HPOS="1415"/><SP WIDTH="12" VPOS="1675" HPOS="1500"/><String CONTENT="-" HEIGHT="2" WIDTH="21" VPOS="1693" HPOS="1513"/><SP WIDTH="13" VPOS="1685" HPOS="1535"/><String CONTENT="a" HEIGHT="19" WIDTH="17" VPOS="1685" HPOS="1549"/><SP WIDTH="13" VPOS="1675" HPOS="1567"/><String CONTENT="flow" HEIGHT="29" WIDTH="75" VPOS="1675" HPOS="1581"/><SP WIDTH="15" VPOS="1685" HPOS="1657"/><String CONTENT="of" HEIGHT="29" WIDTH="37" VPOS="1675" HPOS="1673"/><SP WIDTH="10" VPOS="1675" HPOS="1711"/><String CONTENT="charged" HEIGHT="38" WIDTH="131" VPOS="1675" HPOS="1722"/><SP WIDTH="12" VPOS="1675" HPOS="1854"/><String CONTENT="particles" HEIGHT="38" WIDTH="141" VPOS="1675" HPOS="1867"/><SP WIDTH="14" VPOS="1685" HPOS="2009"/><String CONTENT="emitted" HEIGHT="29" WIDTH="124" VPOS="1675" HPOS="2024"/><SP WIDTH="11" VPOS="1675" HPOS="2149"/><String CONTENT="by" HEIGHT="38" WIDTH="41" VPOS="1675" HPOS="2161"/><SP WIDTH="15" VPOS="1679" HPOS="2203"/><String CONTENT="the" HEIGHT="29" WIDTH="49" VPOS="1675" HPOS="2219"/></TextLine>
<TextLine HEIGHT="38" WIDTH="1359" VPOS="1723" HPOS="911"><String CONTENT="Sun." HEIGHT="28" WIDTH="69" VPOS="1724" HPOS="911"/><SP WIDTH="16" VPOS="1724" HPOS="981"/><String CONTENT="These" HEIGHT="29" WIDTH="98" VPOS="1723" HPOS="998"/><SP WIDTH="14" VPOS="1733" HPOS="1097"/><String CONTENT="particles" HEIGHT="38" WIDTH="139" VPOS="1723" HPOS="1112"/><SP WIDTH="15" VPOS="1733" HPOS="1252"/><String CONTENT="are" HEIGHT="19" WIDTH="48" VPOS="1733" HPOS="1268"/><SP WIDTH="14" VPOS="1727" HPOS="1317"/><String CONTENT="trapped" HEIGHT="38" WIDTH="125" VPOS="1723" HPOS="1332"/><SP WIDTH="11" VPOS="1723" HPOS="1458"/><String CONTENT="by" HEIGHT="38" WIDTH="41" VPOS="1723" HPOS="1470"/><SP WIDTH="14" VPOS="1727" HPOS="1512"/><String CONTENT="the" HEIGHT="29" WIDTH="49" VPOS="1723" HPOS="1527"/><SP WIDTH="15" VPOS="1733" HPOS="1577"/><String CONTENT="magnetic" HEIGHT="37" WIDTH="150" VPOS="1724" HPOS="1593"/><SP WIDTH="14" VPOS="1723" HPOS="1744"/><String CONTENT="field" HEIGHT="29" WIDTH="76" VPOS="1723" HPOS="1759"/><SP WIDTH="13" VPOS="1723" HPOS="1836"/><String CONTENT="in" HEIGHT="29" WIDTH="33" VPOS="1723" HPOS="1850"/><SP WIDTH="11" VPOS="1727" HPOS="1884"/><String CONTENT="two" HEIGHT="25" WIDTH="60" VPOS="1727" HPOS="1896"/><SP WIDTH="15" VPOS="1723" HPOS="1957"/><String CONTENT="huge" HEIGHT="38" WIDTH="79" VPOS="1723" HPOS="1973"/><SP WIDTH="14" VPOS="1723" HPOS="2053"/><String CONTENT="rings" HEIGHT="38" WIDTH="81" VPOS="1723" HPOS="2068"/><SP WIDTH="14" VPOS="1733" HPOS="2150"/><String CONTENT="-" HEIGHT="2" WIDTH="21" VPOS="1741" HPOS="2165"/><SP WIDTH="13" VPOS="1724" HPOS="2187"/><String CONTENT="Van" HEIGHT="28" WIDTH="69" VPOS="1724" HPOS="2201"/></TextLine>
<TextLine HEIGHT="41" WIDTH="1359" VPOS="1770" HPOS="909"><String CONTENT="Allen’s" HEIGHT="29" WIDTH="121" VPOS="1771" HPOS="909"/><SP WIDTH="23" VPOS="1771" HPOS="1031"/><String CONTENT="belts." HEIGHT="29" WIDTH="87" VPOS="1771" HPOS="1055"/><SP WIDTH="27" VPOS="1772" HPOS="1143"/><String CONTENT="When" HEIGHT="29" WIDTH="101" VPOS="1771" HPOS="1171"/><SP WIDTH="25" VPOS="1781" HPOS="1273"/><String CONTENT="spacecrafts" HEIGHT="38" WIDTH="182" VPOS="1771" HPOS="1299"/><SP WIDTH="25" VPOS="1775" HPOS="1482"/><String CONTENT="travel" HEIGHT="29" WIDTH="94" VPOS="1771" HPOS="1508"/><SP WIDTH="26" VPOS="1771" HPOS="1603"/><String CONTENT="through" HEIGHT="41" WIDTH="127" VPOS="1770" HPOS="1630"/><SP WIDTH="24" VPOS="1770" HPOS="1758"/><String CONTENT="the" HEIGHT="29" WIDTH="50" VPOS="1771" HPOS="1783"/><SP WIDTH="26" VPOS="1772" HPOS="1834"/><String CONTENT="Van" HEIGHT="28" WIDTH="70" VPOS="1772" HPOS="1861"/><SP WIDTH="23" VPOS="1772" HPOS="1932"/><String CONTENT="Allen’s" HEIGHT="29" WIDTH="121" VPOS="1771" HPOS="1956"/><SP WIDTH="24" VPOS="1771" HPOS="2078"/><String CONTENT="belts," HEIGHT="31" WIDTH="87" VPOS="1771" HPOS="2103"/><SP WIDTH="26" VPOS="1775" HPOS="2191"/><String CONTENT="the" HEIGHT="29" WIDTH="50" VPOS="1771" HPOS="2218"/></TextLine>
<TextLine HEIGHT="38" WIDTH="1359" VPOS="1819" HPOS="909"><String CONTENT="electrical" HEIGHT="29" WIDTH="152" VPOS="1819" HPOS="909"/><SP WIDTH="22" VPOS="1819" HPOS="1062"/><String CONTENT="equipment" HEIGHT="38" WIDTH="174" VPOS="1819" HPOS="1085"/><SP WIDTH="21" VPOS="1823" HPOS="1260"/><String CONTENT="of" HEIGHT="29" WIDTH="37" VPOS="1819" HPOS="1282"/><SP WIDTH="17" VPOS="1819" HPOS="1320"/><String CONTENT="the" HEIGHT="29" WIDTH="50" VPOS="1819" HPOS="1338"/><SP WIDTH="21" VPOS="1819" HPOS="1389"/><String CONTENT="fonner" HEIGHT="29" WIDTH="115" VPOS="1819" HPOS="1411"/><SP WIDTH="20" VPOS="1829" HPOS="1527"/><String CONTENT="may" HEIGHT="28" WIDTH="68" VPOS="1829" HPOS="1548"/><SP WIDTH="25" VPOS="1829" HPOS="1617"/><String CONTENT="suffer" HEIGHT="29" WIDTH="96" VPOS="1819" HPOS="1643"/><SP WIDTH="20" VPOS="1829" HPOS="1740"/><String CONTENT="malfunction" HEIGHT="29" WIDTH="202" VPOS="1819" HPOS="1761"/><SP WIDTH="20" VPOS="1829" HPOS="1964"/><String CONTENT="caused" HEIGHT="29" WIDTH="113" VPOS="1819" HPOS="1985"/><SP WIDTH="19" VPOS="1819" HPOS="2099"/><String CONTENT="by" HEIGHT="38" WIDTH="40" VPOS="1819" HPOS="2119"/><SP WIDTH="23" VPOS="1823" HPOS="2160"/><String CONTENT="these" HEIGHT="29" WIDTH="84" VPOS="1819" HPOS="2184"/></TextLine>
<TextLine HEIGHT="38" WIDTH="148" VPOS="1867" HPOS="908"><String CONTENT="particles." HEIGHT="38" WIDTH="148" VPOS="1867" HPOS="908"/></TextLine>
<TextLine HEIGHT="52" WIDTH="481" VPOS="1962" HPOS="910" STYLEREFS="StyleId-2E742638-2C8F-433D-BB43-AA44DB97E9D0- font3"><String STYLE="bold" CONTENT="Clashing" HEIGHT="52" WIDTH="209" VPOS="1962" HPOS="910"/><SP WIDTH="13" VPOS="1962" HPOS="1120"/><String STYLE="bold" CONTENT="Continents" HEIGHT="41" WIDTH="257" VPOS="1962" HPOS="1134"/></TextLine>
<TextLine HEIGHT="38" WIDTH="1361" VPOS="2024" HPOS="909"><String CONTENT="The" HEIGHT="29" WIDTH="62" VPOS="2024" HPOS="909"/><SP WIDTH="11" VPOS="2025" HPOS="972"/><String CONTENT="Earth" HEIGHT="29" WIDTH="91" VPOS="2024" HPOS="984"/><SP WIDTH="9" VPOS="2024" HPOS="1076"/><String CONTENT="crust" HEIGHT="24" WIDTH="80" VPOS="2029" HPOS="1086"/><SP WIDTH="10" VPOS="2024" HPOS="1167"/><String CONTENT="is" HEIGHT="29" WIDTH="26" VPOS="2024" HPOS="1178"/><SP WIDTH="11" VPOS="2034" HPOS="1205"/><String CONTENT="made" HEIGHT="29" WIDTH="87" VPOS="2024" HPOS="1217"/><SP WIDTH="10" VPOS="2024" HPOS="1305"/><String CONTENT="from" HEIGHT="29" WIDTH="83" VPOS="2024" HPOS="1316"/><SP WIDTH="8" VPOS="2034" HPOS="1400"/><String CONTENT="parts" HEIGHT="34" WIDTH="80" VPOS="2028" HPOS="1409"/><SP WIDTH="11" VPOS="2034" HPOS="1490"/><String CONTENT="called" HEIGHT="29" WIDTH="98" VPOS="2024" HPOS="1502"/><SP WIDTH="8" VPOS="2024" HPOS="1601"/><String CONTENT="plates," HEIGHT="38" WIDTH="105" VPOS="2024" HPOS="1610"/><SP WIDTH="12" VPOS="2034" HPOS="1716"/><String CONTENT="which" HEIGHT="29" WIDTH="103" VPOS="2024" HPOS="1729"/><SP WIDTH="8" VPOS="2024" HPOS="1833"/><String CONTENT="float" HEIGHT="29" WIDTH="76" VPOS="2024" HPOS="1842"/><SP WIDTH="10" VPOS="2028" HPOS="1919"/><String CONTENT="on" HEIGHT="19" WIDTH="42" VPOS="2034" HPOS="1930"/><SP WIDTH="9" VPOS="2024" HPOS="1973"/><String CONTENT="its" HEIGHT="29" WIDTH="36" VPOS="2024" HPOS="1983"/><SP WIDTH="12" VPOS="2034" HPOS="2020"/><String CONTENT="surface" HEIGHT="29" WIDTH="117" VPOS="2024" HPOS="2033"/><SP WIDTH="12" VPOS="2024" HPOS="2151"/><String CONTENT="driven" HEIGHT="29" WIDTH="106" VPOS="2024" HPOS="2164"/></TextLine>
<TextLine HEIGHT="38" WIDTH="1363" VPOS="2072" HPOS="907"><String CONTENT="by" HEIGHT="38" WIDTH="41" VPOS="2072" HPOS="907"/><SP WIDTH="12" VPOS="2076" HPOS="949"/><String CONTENT="the" HEIGHT="29" WIDTH="50" VPOS="2072" HPOS="962"/><SP WIDTH="11" VPOS="2072" HPOS="1013"/><String CONTENT="flows" HEIGHT="29" WIDTH="92" VPOS="2072" HPOS="1025"/><SP WIDTH="12" VPOS="2072" HPOS="1118"/><String CONTENT="in" HEIGHT="29" WIDTH="33" VPOS="2072" HPOS="1131"/><SP WIDTH="9" VPOS="2076" HPOS="1165"/><String CONTENT="the" HEIGHT="29" WIDTH="49" VPOS="2072" HPOS="1175"/><SP WIDTH="13" VPOS="2072" HPOS="1225"/><String CONTENT="liquid" HEIGHT="38" WIDTH="96" VPOS="2072" HPOS="1239"/><SP WIDTH="12" VPOS="2072" HPOS="1336"/><String CONTENT="mantle." HEIGHT="29" WIDTH="119" VPOS="2072" HPOS="1349"/><SP WIDTH="15" VPOS="2073" HPOS="1469"/><String CONTENT="The" HEIGHT="29" WIDTH="62" VPOS="2072" HPOS="1485"/><SP WIDTH="13" VPOS="2082" HPOS="1548"/><String CONTENT="continents" HEIGHT="29" WIDTH="169" VPOS="2072" HPOS="1562"/><SP WIDTH="13" VPOS="2072" HPOS="1732"/><String CONTENT="he" HEIGHT="29" WIDTH="39" VPOS="2072" HPOS="1746"/><SP WIDTH="13" VPOS="2082" HPOS="1786"/><String CONTENT="on" HEIGHT="19" WIDTH="42" VPOS="2082" HPOS="1800"/><SP WIDTH="9" VPOS="2076" HPOS="1843"/><String CONTENT="these" HEIGHT="29" WIDTH="84" VPOS="2072" HPOS="1853"/><SP WIDTH="12" VPOS="2082" HPOS="1938"/><String CONTENT="plates," HEIGHT="37" WIDTH="105" VPOS="2073" HPOS="1951"/><SP WIDTH="13" VPOS="2082" HPOS="2057"/><String CONTENT="and" HEIGHT="29" WIDTH="60" VPOS="2072" HPOS="2071"/><SP WIDTH="12" VPOS="2072" HPOS="2132"/><String CONTENT="so" HEIGHT="19" WIDTH="33" VPOS="2082" HPOS="2145"/><SP WIDTH="12" VPOS="2076" HPOS="2179"/><String CONTENT="their" HEIGHT="29" WIDTH="78" VPOS="2072" HPOS="2192"/></TextLine>
<TextLine HEIGHT="38" WIDTH="1358" VPOS="2120" HPOS="909"><String CONTENT="location" HEIGHT="29" WIDTH="134" VPOS="2120" HPOS="909"/><SP WIDTH="12" VPOS="2120" HPOS="1044"/><String CONTENT="is" HEIGHT="29" WIDTH="26" VPOS="2120" HPOS="1057"/><SP WIDTH="15" VPOS="2130" HPOS="1084"/><String CONTENT="subject" HEIGHT="38" WIDTH="117" VPOS="2120" HPOS="1100"/><SP WIDTH="11" VPOS="2124" HPOS="1218"/><String CONTENT="to" HEIGHT="25" WIDTH="31" VPOS="2124" HPOS="1230"/><SP WIDTH="15" VPOS="2130" HPOS="1262"/><String CONTENT="constant" HEIGHT="25" WIDTH="138" VPOS="2124" HPOS="1278"/><SP WIDTH="13" VPOS="2124" HPOS="1417"/><String CONTENT="change." HEIGHT="38" WIDTH="124" VPOS="2120" HPOS="1431"/><SP WIDTH="18" VPOS="2121" HPOS="1556"/><String CONTENT="Some" HEIGHT="28" WIDTH="91" VPOS="2121" HPOS="1575"/><SP WIDTH="14" VPOS="2121" HPOS="1667"/><String CONTENT="200" HEIGHT="28" WIDTH="60" VPOS="2121" HPOS="1682"/><SP WIDTH="15" VPOS="2121" HPOS="1743"/><String CONTENT="million" HEIGHT="29" WIDTH="120" VPOS="2120" HPOS="1759"/><SP WIDTH="24" VPOS="2130" HPOS="1880"/><String CONTENT="years" HEIGHT="28" WIDTH="88" VPOS="2130" HPOS="1905"/><SP WIDTH="14" VPOS="2130" HPOS="1994"/><String CONTENT="ago." HEIGHT="28" WIDTH="67" VPOS="2130" HPOS="2009"/><SP WIDTH="16" VPOS="2130" HPOS="2077"/><String CONTENT="all" HEIGHT="29" WIDTH="40" VPOS="2120" HPOS="2094"/><SP WIDTH="12" VPOS="2121" HPOS="2135"/><String CONTENT="the" HEIGHT="29" WIDTH="50" VPOS="2120" HPOS="2148"/><SP WIDTH="14" VPOS="2120" HPOS="2199"/><String CONTENT="dry" HEIGHT="38" WIDTH="53" VPOS="2120" HPOS="2214"/></TextLine>
<TextLine HEIGHT="40" WIDTH="1359" VPOS="2165" HPOS="909"><String CONTENT="land" HEIGHT="29" WIDTH="71" VPOS="2167" HPOS="909"/><SP WIDTH="19" VPOS="2168" HPOS="981"/><String CONTENT="on" HEIGHT="19" WIDTH="42" VPOS="2177" HPOS="1001"/><SP WIDTH="17" VPOS="2168" HPOS="1044"/><String CONTENT="Earth" HEIGHT="29" WIDTH="91" VPOS="2167" HPOS="1062"/><SP WIDTH="17" VPOS="2167" HPOS="1154"/><String CONTENT="was" HEIGHT="19" WIDTH="64" VPOS="2177" HPOS="1172"/><SP WIDTH="20" VPOS="2177" HPOS="1237"/><String CONTENT="a" HEIGHT="19" WIDTH="17" VPOS="2177" HPOS="1258"/><SP WIDTH="21" VPOS="2177" HPOS="1276"/><String CONTENT="single" HEIGHT="38" WIDTH="96" VPOS="2167" HPOS="1298"/><SP WIDTH="21" VPOS="2177" HPOS="1395"/><String CONTENT="continent" HEIGHT="29" WIDTH="154" VPOS="2167" HPOS="1417"/><SP WIDTH="19" VPOS="2171" HPOS="1572"/><String CONTENT="called" HEIGHT="29" WIDTH="98" VPOS="2167" HPOS="1592"/><SP WIDTH="20" VPOS="2167" HPOS="1691"/><String CONTENT="Pangea" HEIGHT="37" WIDTH="118" VPOS="2168" HPOS="1712"/><SP WIDTH="18" VPOS="2168" HPOS="1831"/><String CONTENT="by" HEIGHT="37" WIDTH="41" VPOS="2168" HPOS="1850"/><SP WIDTH="21" VPOS="2171" HPOS="1892"/><String CONTENT="the" HEIGHT="29" WIDTH="48" VPOS="2167" HPOS="1914"/><SP WIDTH="22" VPOS="2177" HPOS="1963"/><String CONTENT="scientists," HEIGHT="31" WIDTH="159" VPOS="2167" HPOS="1986"/><SP WIDTH="21" VPOS="2176" HPOS="2146"/><String CONTENT="which" HEIGHT="32" WIDTH="100" VPOS="2165" HPOS="2168"/></TextLine>
<TextLine HEIGHT="38" WIDTH="1360" VPOS="2215" HPOS="908"><String CONTENT="further" HEIGHT="29" WIDTH="114" VPOS="2215" HPOS="908"/><SP WIDTH="18" VPOS="2225" HPOS="1023"/><String CONTENT="split" HEIGHT="38" WIDTH="70" VPOS="2215" HPOS="1042"/><SP WIDTH="18" VPOS="2219" HPOS="1113"/><String CONTENT="into" HEIGHT="25" WIDTH="61" VPOS="2219" HPOS="1132"/><SP WIDTH="19" VPOS="2219" HPOS="1194"/><String CONTENT="the" HEIGHT="29" WIDTH="49" VPOS="2215" HPOS="1214"/><SP WIDTH="19" VPOS="2225" HPOS="1264"/><String CONTENT="continents" HEIGHT="29" WIDTH="170" VPOS="2215" HPOS="1284"/><SP WIDTH="17" VPOS="2225" HPOS="1455"/><String CONTENT="we" HEIGHT="19" WIDTH="47" VPOS="2225" HPOS="1473"/><SP WIDTH="18" VPOS="2215" HPOS="1521"/><String CONTENT="know" HEIGHT="29" WIDTH="92" VPOS="2215" HPOS="1540"/><SP WIDTH="19" VPOS="2225" HPOS="1633"/><String CONTENT="now." HEIGHT="19" WIDTH="78" VPOS="2225" HPOS="1653"/><SP WIDTH="20" VPOS="2216" HPOS="1732"/><String CONTENT="The" HEIGHT="29" WIDTH="63" VPOS="2215" HPOS="1753"/><SP WIDTH="19" VPOS="2215" HPOS="1817"/><String CONTENT="lava" HEIGHT="29" WIDTH="68" VPOS="2215" HPOS="1837"/><SP WIDTH="18" VPOS="2216" HPOS="1906"/><String CONTENT="rises" HEIGHT="28" WIDTH="74" VPOS="2216" HPOS="1925"/><SP WIDTH="17" VPOS="2216" HPOS="2000"/><String CONTENT="by" HEIGHT="37" WIDTH="40" VPOS="2216" HPOS="2018"/><SP WIDTH="20" VPOS="2225" HPOS="2059"/><String CONTENT="millimeters" HEIGHT="29" WIDTH="188" VPOS="2215" HPOS="2080"/></TextLine>
<TextLine HEIGHT="38" WIDTH="1359" VPOS="2263" HPOS="909"><String CONTENT="around" HEIGHT="29" WIDTH="115" VPOS="2263" HPOS="909"/><SP WIDTH="9" VPOS="2263" HPOS="1025"/><String CONTENT="the" HEIGHT="29" WIDTH="49" VPOS="2263" HPOS="1035"/><SP WIDTH="12" VPOS="2273" HPOS="1085"/><String CONTENT="mountain" HEIGHT="29" WIDTH="157" VPOS="2263" HPOS="1098"/><SP WIDTH="9" VPOS="2263" HPOS="1256"/><String CONTENT="ridges" HEIGHT="38" WIDTH="100" VPOS="2263" HPOS="1266"/><SP WIDTH="11" VPOS="2263" HPOS="1367"/><String CONTENT="located" HEIGHT="29" WIDTH="119" VPOS="2263" HPOS="1379"/><SP WIDTH="10" VPOS="2263" HPOS="1499"/><String CONTENT="on" HEIGHT="19" WIDTH="42" VPOS="2273" HPOS="1510"/><SP WIDTH="8" VPOS="2267" HPOS="1553"/><String CONTENT="the" HEIGHT="29" WIDTH="49" VPOS="2263" HPOS="1562"/><SP WIDTH="22" VPOS="2273" HPOS="1612"/><String CONTENT="ocean" HEIGHT="19" WIDTH="97" VPOS="2273" HPOS="1635"/><SP WIDTH="9" VPOS="2263" HPOS="1733"/><String CONTENT="floor," HEIGHT="31" WIDTH="89" VPOS="2263" HPOS="1743"/><SP WIDTH="13" VPOS="2273" HPOS="1833"/><String CONTENT="and" HEIGHT="29" WIDTH="59" VPOS="2263" HPOS="1847"/><SP WIDTH="10" VPOS="2263" HPOS="1907"/><String CONTENT="moves" HEIGHT="19" WIDTH="106" VPOS="2273" HPOS="1918"/><SP WIDTH="10" VPOS="2267" HPOS="2025"/><String CONTENT="the" HEIGHT="29" WIDTH="49" VPOS="2263" HPOS="2036"/><SP WIDTH="12" VPOS="2273" HPOS="2086"/><String CONTENT="continents" HEIGHT="29" WIDTH="169" VPOS="2263" HPOS="2099"/></TextLine>
<TextLine HEIGHT="38" WIDTH="1359" VPOS="2311" HPOS="909"><String CONTENT="apart." HEIGHT="34" WIDTH="90" VPOS="2315" HPOS="909"/><SP WIDTH="13" VPOS="2312" HPOS="1000"/><String CONTENT="When" HEIGHT="29" WIDTH="100" VPOS="2311" HPOS="1014"/><SP WIDTH="9" VPOS="2315" HPOS="1115"/><String CONTENT="the" HEIGHT="29" WIDTH="49" VPOS="2311" HPOS="1125"/><SP WIDTH="13" VPOS="2321" HPOS="1175"/><String CONTENT="continents" HEIGHT="29" WIDTH="169" VPOS="2311" HPOS="1189"/><SP WIDTH="12" VPOS="2321" HPOS="1359"/><String CONTENT="clash," HEIGHT="31" WIDTH="93" VPOS="2311" HPOS="1372"/><SP WIDTH="13" VPOS="2321" HPOS="1466"/><String CONTENT="as" HEIGHT="19" WIDTH="32" VPOS="2321" HPOS="1480"/><SP WIDTH="11" VPOS="2315" HPOS="1513"/><String CONTENT="they" HEIGHT="38" WIDTH="70" VPOS="2311" HPOS="1525"/><SP WIDTH="13" VPOS="2311" HPOS="1596"/><String CONTENT="do" HEIGHT="29" WIDTH="38" VPOS="2311" HPOS="1610"/><SP WIDTH="13" VPOS="2321" HPOS="1649"/><String CONTENT="around" HEIGHT="29" WIDTH="115" VPOS="2311" HPOS="1663"/><SP WIDTH="10" VPOS="2311" HPOS="1779"/><String CONTENT="the" HEIGHT="29" WIDTH="49" VPOS="2311" HPOS="1790"/><SP WIDTH="13" VPOS="2321" HPOS="1840"/><String CONTENT="shores" HEIGHT="29" WIDTH="104" VPOS="2311" HPOS="1854"/><SP WIDTH="12" VPOS="2321" HPOS="1959"/><String CONTENT="of" HEIGHT="29" WIDTH="37" VPOS="2311" HPOS="1972"/><SP WIDTH="7" VPOS="2311" HPOS="2010"/><String CONTENT="the" HEIGHT="29" WIDTH="49" VPOS="2311" HPOS="2018"/><SP WIDTH="11" VPOS="2312" HPOS="2068"/><String CONTENT="Pacific," HEIGHT="35" WIDTH="124" VPOS="2311" HPOS="2080"/><SP WIDTH="12" VPOS="2315" HPOS="2205"/><String CONTENT="the" HEIGHT="29" WIDTH="50" VPOS="2311" HPOS="2218"/></TextLine>
<TextLine HEIGHT="38" WIDTH="1359" VPOS="2359" HPOS="908"><String CONTENT="Earth’s" HEIGHT="29" WIDTH="119" VPOS="2359" HPOS="908"/><SP WIDTH="13" VPOS="2369" HPOS="1028"/><String CONTENT="surface" HEIGHT="29" WIDTH="117" VPOS="2359" HPOS="1042"/><SP WIDTH="13" VPOS="2369" HPOS="1160"/><String CONTENT="swells" HEIGHT="29" WIDTH="102" VPOS="2359" HPOS="1174"/><SP WIDTH="11" VPOS="2369" HPOS="1277"/><String CONTENT="up" HEIGHT="28" WIDTH="41" VPOS="2369" HPOS="1289"/><SP WIDTH="12" VPOS="2369" HPOS="1331"/><String CONTENT="and" HEIGHT="29" WIDTH="59" VPOS="2359" HPOS="1344"/><SP WIDTH="11" VPOS="2359" HPOS="1404"/><String CONTENT="mountain" HEIGHT="29" WIDTH="158" VPOS="2359" HPOS="1416"/><SP WIDTH="10" VPOS="2359" HPOS="1575"/><String CONTENT="ridges" HEIGHT="38" WIDTH="99" VPOS="2359" HPOS="1586"/><SP WIDTH="12" VPOS="2359" HPOS="1686"/><String CONTENT="rise" HEIGHT="29" WIDTH="58" VPOS="2359" HPOS="1699"/><SP WIDTH="11" VPOS="2369" HPOS="1758"/><String CONTENT="up;" HEIGHT="28" WIDTH="51" VPOS="2369" HPOS="1770"/><SP WIDTH="14" VPOS="2359" HPOS="1822"/><String CONTENT="if" HEIGHT="29" WIDTH="28" VPOS="2359" HPOS="1837"/><SP WIDTH="6" VPOS="2359" HPOS="1866"/><String CONTENT="the" HEIGHT="29" WIDTH="50" VPOS="2359" HPOS="1873"/><SP WIDTH="11" VPOS="2369" HPOS="1924"/><String CONTENT="plates" HEIGHT="38" WIDTH="96" VPOS="2359" HPOS="1936"/><SP WIDTH="12" VPOS="2369" HPOS="2033"/><String CONTENT="go" HEIGHT="28" WIDTH="39" VPOS="2369" HPOS="2046"/><SP WIDTH="13" VPOS="2359" HPOS="2086"/><String CONTENT="down" HEIGHT="29" WIDTH="93" VPOS="2359" HPOS="2100"/><SP WIDTH="10" VPOS="2359" HPOS="2194"/><String CONTENT="into" HEIGHT="29" WIDTH="62" VPOS="2359" HPOS="2205"/></TextLine>
<TextLine HEIGHT="38" WIDTH="1360" VPOS="2407" HPOS="908"><String CONTENT="the" HEIGHT="29" WIDTH="49" VPOS="2407" HPOS="908"/><SP WIDTH="15" VPOS="2417" HPOS="958"/><String CONTENT="mantle," HEIGHT="31" WIDTH="120" VPOS="2407" HPOS="974"/><SP WIDTH="14" VPOS="2417" HPOS="1095"/><String CONTENT="earthquakes" HEIGHT="38" WIDTH="199" VPOS="2407" HPOS="1110"/><SP WIDTH="13" VPOS="2417" HPOS="1310"/><String CONTENT="and" HEIGHT="29" WIDTH="60" VPOS="2407" HPOS="1324"/><SP WIDTH="12" VPOS="2407" HPOS="1385"/><String CONTENT="volcanic" HEIGHT="29" WIDTH="139" VPOS="2407" HPOS="1398"/><SP WIDTH="15" VPOS="2417" HPOS="1538"/><String CONTENT="emptions" HEIGHT="38" WIDTH="152" VPOS="2407" HPOS="1554"/><SP WIDTH="14" VPOS="2417" HPOS="1707"/><String CONTENT="occur." HEIGHT="19" WIDTH="99" VPOS="2417" HPOS="1722"/><SP WIDTH="16" VPOS="2408" HPOS="1822"/><String CONTENT="This" HEIGHT="29" WIDTH="72" VPOS="2407" HPOS="1839"/><SP WIDTH="12" VPOS="2417" HPOS="1912"/><String CONTENT="process," HEIGHT="28" WIDTH="133" VPOS="2417" HPOS="1925"/><SP WIDTH="16" VPOS="2417" HPOS="2059"/><String CONTENT="called" HEIGHT="29" WIDTH="99" VPOS="2407" HPOS="2076"/><SP WIDTH="11" VPOS="2407" HPOS="2176"/><String CONTENT="plate" HEIGHT="37" WIDTH="80" VPOS="2408" HPOS="2188"/></TextLine>
<TextLine HEIGHT="38" WIDTH="882" VPOS="2455" HPOS="908"><String CONTENT="tectonics," HEIGHT="31" WIDTH="156" VPOS="2455" HPOS="908"/><SP WIDTH="12" VPOS="2465" HPOS="1065"/><String CONTENT="constantly" HEIGHT="38" WIDTH="168" VPOS="2455" HPOS="1078"/><SP WIDTH="12" VPOS="2465" HPOS="1247"/><String CONTENT="changes" HEIGHT="38" WIDTH="132" VPOS="2455" HPOS="1260"/><SP WIDTH="9" VPOS="2459" HPOS="1393"/><String CONTENT="the" HEIGHT="29" WIDTH="50" VPOS="2455" HPOS="1403"/><SP WIDTH="9" VPOS="2456" HPOS="1454"/><String CONTENT="Earth’s" HEIGHT="29" WIDTH="120" VPOS="2455" HPOS="1464"/><SP WIDTH="10" VPOS="2465" HPOS="1585"/><String CONTENT="appearance." HEIGHT="28" WIDTH="194" VPOS="2465" HPOS="1596"/></TextLine>
<TextLine HEIGHT="52" WIDTH="399" VPOS="2550" HPOS="910" STYLEREFS="StyleId-2E742638-2C8F-433D-BB43-AA44DB97E9D0- font3"><String STYLE="bold" CONTENT="Carved" HEIGHT="41" WIDTH="174" VPOS="2550" HPOS="910"/><SP WIDTH="16" VPOS="2551" HPOS="1085"/><String STYLE="bold" CONTENT="by" HEIGHT="51" WIDTH="56" VPOS="2551" HPOS="1102"/><SP WIDTH="10" VPOS="2563" HPOS="1159"/><String STYLE="bold" CONTENT="water" HEIGHT="38" WIDTH="139" VPOS="2553" HPOS="1170"/></TextLine>
<TextLine HEIGHT="38" WIDTH="1360" VPOS="2611" HPOS="908"><String CONTENT="Many" HEIGHT="37" WIDTH="95" VPOS="2612" HPOS="908"/><SP WIDTH="16" VPOS="2615" HPOS="1004"/><String CONTENT="tilings" HEIGHT="38" WIDTH="101" VPOS="2611" HPOS="1021"/><SP WIDTH="15" VPOS="2621" HPOS="1123"/><String CONTENT="on" HEIGHT="19" WIDTH="42" VPOS="2621" HPOS="1139"/><SP WIDTH="12" VPOS="2612" HPOS="1182"/><String CONTENT="Earth" HEIGHT="29" WIDTH="90" VPOS="2611" HPOS="1195"/><SP WIDTH="15" VPOS="2611" HPOS="1286"/><String CONTENT="are" HEIGHT="19" WIDTH="49" VPOS="2621" HPOS="1302"/><SP WIDTH="16" VPOS="2621" HPOS="1352"/><String CONTENT="carved" HEIGHT="29" WIDTH="110" VPOS="2611" HPOS="1369"/><SP WIDTH="12" VPOS="2611" HPOS="1480"/><String CONTENT="by" HEIGHT="38" WIDTH="41" VPOS="2611" HPOS="1493"/><SP WIDTH="16" VPOS="2621" HPOS="1535"/><String CONTENT="wind," HEIGHT="31" WIDTH="91" VPOS="2611" HPOS="1552"/><SP WIDTH="15" VPOS="2621" HPOS="1644"/><String CONTENT="yet" HEIGHT="35" WIDTH="54" VPOS="2614" HPOS="1660"/><SP WIDTH="13" VPOS="2614" HPOS="1715"/><String CONTENT="even" HEIGHT="20" WIDTH="79" VPOS="2620" HPOS="1729"/><SP WIDTH="14" VPOS="2621" HPOS="1809"/><String CONTENT="more" HEIGHT="19" WIDTH="82" VPOS="2621" HPOS="1824"/><SP WIDTH="15" VPOS="2621" HPOS="1907"/><String CONTENT="-" HEIGHT="2" WIDTH="21" VPOS="2629" HPOS="1923"/><SP WIDTH="13" VPOS="2611" HPOS="1945"/><String CONTENT="by" HEIGHT="38" WIDTH="40" VPOS="2611" HPOS="1959"/><SP WIDTH="16" VPOS="2621" HPOS="2000"/><String CONTENT="water." HEIGHT="24" WIDTH="100" VPOS="2616" HPOS="2017"/><SP WIDTH="17" VPOS="2612" HPOS="2118"/><String CONTENT="The" HEIGHT="29" WIDTH="63" VPOS="2611" HPOS="2136"/><SP WIDTH="17" VPOS="2621" HPOS="2200"/><String CONTENT="sea" HEIGHT="19" WIDTH="50" VPOS="2621" HPOS="2218"/></TextLine>
<TextLine HEIGHT="38" WIDTH="1359" VPOS="2659" HPOS="908"><String CONTENT="waves" HEIGHT="20" WIDTH="103" VPOS="2668" HPOS="908"/><SP WIDTH="10" VPOS="2659" HPOS="1012"/><String CONTENT="battle" HEIGHT="29" WIDTH="92" VPOS="2659" HPOS="1023"/><SP WIDTH="11" VPOS="2669" HPOS="1116"/><String CONTENT="with" HEIGHT="29" WIDTH="76" VPOS="2659" HPOS="1128"/><SP WIDTH="10" VPOS="2659" HPOS="1205"/><String CONTENT="shores" HEIGHT="29" WIDTH="104" VPOS="2659" HPOS="1216"/><SP WIDTH="11" VPOS="2669" HPOS="1321"/><String CONTENT="and" HEIGHT="29" WIDTH="60" VPOS="2659" HPOS="1333"/><SP WIDTH="10" VPOS="2659" HPOS="1394"/><String CONTENT="create" HEIGHT="25" WIDTH="98" VPOS="2663" HPOS="1405"/><SP WIDTH="12" VPOS="2659" HPOS="1504"/><String CONTENT="high" HEIGHT="38" WIDTH="72" VPOS="2659" HPOS="1517"/><SP WIDTH="12" VPOS="2659" HPOS="1590"/><String CONTENT="cliffs" HEIGHT="29" WIDTH="83" VPOS="2659" HPOS="1603"/><SP WIDTH="12" VPOS="2669" HPOS="1687"/><String CONTENT="and" HEIGHT="29" WIDTH="60" VPOS="2659" HPOS="1700"/><SP WIDTH="11" VPOS="2659" HPOS="1761"/><String CONTENT="steep" HEIGHT="34" WIDTH="83" VPOS="2663" HPOS="1773"/><SP WIDTH="13" VPOS="2669" HPOS="1857"/><String CONTENT="slopes." HEIGHT="38" WIDTH="109" VPOS="2659" HPOS="1871"/><SP WIDTH="14" VPOS="2660" HPOS="1981"/><String CONTENT="The" HEIGHT="29" WIDTH="63" VPOS="2659" HPOS="1996"/><SP WIDTH="14" VPOS="2669" HPOS="2060"/><String CONTENT="ri\" HEIGHT="29" WIDTH="34" VPOS="2659" HPOS="2075"/><SP WIDTH="7" VPOS="2668" HPOS="2110"/><String CONTENT="ers" HEIGHT="20" WIDTH="47" VPOS="2668" HPOS="2118"/><SP WIDTH="12" VPOS="2669" HPOS="2166"/><String CONTENT="caive" HEIGHT="19" WIDTH="88" VPOS="2669" HPOS="2179"/></TextLine>
<TextLine HEIGHT="39" WIDTH="1359" VPOS="2707" HPOS="908"><String CONTENT="their" HEIGHT="29" WIDTH="77" VPOS="2707" HPOS="908"/><SP WIDTH="17" VPOS="2707" HPOS="986"/><String CONTENT="beds" HEIGHT="29" WIDTH="76" VPOS="2707" HPOS="1004"/><SP WIDTH="20" VPOS="2717" HPOS="1081"/><String CONTENT="and" HEIGHT="29" WIDTH="60" VPOS="2707" HPOS="1102"/><SP WIDTH="19" VPOS="2707" HPOS="1163"/><String CONTENT="cut" HEIGHT="25" WIDTH="50" VPOS="2711" HPOS="1183"/><SP WIDTH="18" VPOS="2711" HPOS="1234"/><String CONTENT="wonderful" HEIGHT="29" WIDTH="171" VPOS="2707" HPOS="1253"/><SP WIDTH="18" VPOS="2707" HPOS="1425"/><String CONTENT="valleys" HEIGHT="39" WIDTH="117" VPOS="2707" HPOS="1444"/><SP WIDTH="21" VPOS="2717" HPOS="1562"/><String CONTENT="on" HEIGHT="19" WIDTH="41" VPOS="2717" HPOS="1584"/><SP WIDTH="17" VPOS="2708" HPOS="1626"/><String CONTENT="Earth," HEIGHT="31" WIDTH="99" VPOS="2707" HPOS="1644"/><SP WIDTH="21" VPOS="2707" HPOS="1744"/><String CONTENT="like" HEIGHT="29" WIDTH="61" VPOS="2707" HPOS="1766"/><SP WIDTH="19" VPOS="2711" HPOS="1828"/><String CONTENT="the" HEIGHT="29" WIDTH="50" VPOS="2707" HPOS="1848"/><SP WIDTH="21" VPOS="2708" HPOS="1899"/><String CONTENT="Grand" HEIGHT="29" WIDTH="103" VPOS="2707" HPOS="1921"/><SP WIDTH="20" VPOS="2707" HPOS="2025"/><String CONTENT="Canyon." HEIGHT="37" WIDTH="134" VPOS="2708" HPOS="2046"/><SP WIDTH="23" VPOS="2708" HPOS="2181"/><String CONTENT="The" HEIGHT="29" WIDTH="62" VPOS="2707" HPOS="2205"/></TextLine>
<TextLine HEIGHT="38" WIDTH="1358" VPOS="2755" HPOS="909"><String CONTENT="glaciers" HEIGHT="38" WIDTH="127" VPOS="2755" HPOS="909"/><SP WIDTH="12" VPOS="2755" HPOS="1037"/><String CONTENT="level" HEIGHT="29" WIDTH="80" VPOS="2755" HPOS="1050"/><SP WIDTH="10" VPOS="2755" HPOS="1131"/><String CONTENT="the" HEIGHT="29" WIDTH="49" VPOS="2755" HPOS="1142"/><SP WIDTH="12" VPOS="2765" HPOS="1192"/><String CONTENT="mountains." HEIGHT="29" WIDTH="180" VPOS="2755" HPOS="1205"/><SP WIDTH="13" VPOS="2756" HPOS="1386"/><String CONTENT="Yet" HEIGHT="28" WIDTH="60" VPOS="2756" HPOS="1400"/><SP WIDTH="9" VPOS="2759" HPOS="1461"/><String CONTENT="the" HEIGHT="29" WIDTH="50" VPOS="2755" HPOS="1471"/><SP WIDTH="11" VPOS="2765" HPOS="1522"/><String CONTENT="water" HEIGHT="25" WIDTH="94" VPOS="2759" HPOS="1534"/><SP WIDTH="10" VPOS="2765" HPOS="1629"/><String CONTENT="may" HEIGHT="28" WIDTH="68" VPOS="2765" HPOS="1640"/><SP WIDTH="13" VPOS="2765" HPOS="1709"/><String CONTENT="also" HEIGHT="29" WIDTH="64" VPOS="2755" HPOS="1723"/><SP WIDTH="12" VPOS="2765" HPOS="1788"/><String CONTENT="create" HEIGHT="25" WIDTH="97" VPOS="2759" HPOS="1801"/><SP WIDTH="12" VPOS="2755" HPOS="1899"/><String CONTENT="diy" HEIGHT="38" WIDTH="53" VPOS="2755" HPOS="1912"/><SP WIDTH="13" VPOS="2755" HPOS="1966"/><String CONTENT="land:" HEIGHT="29" WIDTH="78" VPOS="2755" HPOS="1980"/><SP WIDTH="16" VPOS="2765" HPOS="2059"/><String CONTENT="slow" HEIGHT="29" WIDTH="75" VPOS="2755" HPOS="2076"/><SP WIDTH="12" VPOS="2755" HPOS="2152"/><String CONTENT="rivers," HEIGHT="35" WIDTH="102" VPOS="2755" HPOS="2165"/></TextLine>
<TextLine HEIGHT="38" WIDTH="741" VPOS="2804" HPOS="910"><String CONTENT="like" HEIGHT="29" WIDTH="59" VPOS="2804" HPOS="910"/><SP WIDTH="10" VPOS="2805" HPOS="970"/><String CONTENT="Mississippi," HEIGHT="38" WIDTH="198" VPOS="2804" HPOS="981"/><SP WIDTH="12" VPOS="2814" HPOS="1180"/><String CONTENT="create" HEIGHT="25" WIDTH="97" VPOS="2808" HPOS="1193"/><SP WIDTH="12" VPOS="2814" HPOS="1291"/><String CONTENT="sediments" HEIGHT="29" WIDTH="163" VPOS="2804" HPOS="1304"/><SP WIDTH="11" VPOS="2804" HPOS="1468"/><String CONTENT="in" HEIGHT="29" WIDTH="32" VPOS="2804" HPOS="1480"/><SP WIDTH="8" VPOS="2814" HPOS="1513"/><String CONTENT="mouths." HEIGHT="29" WIDTH="129" VPOS="2804" HPOS="1522"/></TextLine>
</TextBlock>
<ComposedBlock ID="BlockId-C09CADDC-BA63-40E6-9F8D-2D20ABA03CFF-" HEIGHT="406" WIDTH="1325" VPOS="2905" HPOS="942" TYPE="table">
<TextBlock ID="BlockId-4FD43014-E8A3-400B-811E-228014D5CB6E-" HEIGHT="51" WIDTH="1325" VPOS="2905" HPOS="942" STYLEREFS="StyleId-672F33A4-C3A5-424F-8BE6-1425B7B3F509- font2">
<TextLine HEIGHT="28" WIDTH="430" VPOS="2918" HPOS="1415"><String STYLE="bold" CONTENT="FACTS" HEIGHT="28" WIDTH="134" VPOS="2918" HPOS="1415"/><SP WIDTH="10" VPOS="2918" HPOS="1550"/><String STYLE="bold" CONTENT="AND" HEIGHT="28" WIDTH="88" VPOS="2918" HPOS="1561"/><SP WIDTH="12" VPOS="2918" HPOS="1650"/><String STYLE="bold" CONTENT="FIGURES" HEIGHT="28" WIDTH="182" VPOS="2918" HPOS="1663"/></TextLine>
</TextBlock>
<TextBlock ID="BlockId-AD19EFD9-9A20-437A-BCE3-68F99693AC6F-" HEIGHT="50" WIDTH="811" VPOS="2956" HPOS="942" STYLEREFS="StyleId-672F33A4-C3A5-424F-8BE6-1425B7B3F509- font2">
<TextLine HEIGHT="29" WIDTH="156" VPOS="2966" HPOS="966"><String CONTENT="Diameter" HEIGHT="29" WIDTH="156" VPOS="2966" HPOS="966"/></TextLine>
</TextBlock>
<TextBlock ID="BlockId-DC07352F-D424-4451-ABE5-15924365B534-" HEIGHT="50" WIDTH="514" VPOS="2956" HPOS="1753" STYLEREFS="StyleId-672F33A4-C3A5-424F-8BE6-1425B7B3F509- font2">
<TextLine HEIGHT="29" WIDTH="174" VPOS="2966" HPOS="2070"><String CONTENT="12" HEIGHT="28" WIDTH="35" VPOS="2967" HPOS="2070"/><SP WIDTH="12" VPOS="2967" HPOS="2106"/><String CONTENT="756" HEIGHT="28" WIDTH="59" VPOS="2967" HPOS="2119"/><SP WIDTH="10" VPOS="2966" HPOS="2179"/><String CONTENT="km" HEIGHT="29" WIDTH="54" VPOS="2966" HPOS="2190"/></TextLine>
</TextBlock>
<TextBlock ID="BlockId-FEB950B4-8D98-4263-8322-A6BF5F5B4E31-" HEIGHT="50" WIDTH="811" VPOS="3006" HPOS="942" STYLEREFS="StyleId-672F33A4-C3A5-424F-8BE6-1425B7B3F509- font2">
<TextLine HEIGHT="29" WIDTH="410" VPOS="3016" HPOS="966"><String CONTENT="Mean" HEIGHT="28" WIDTH="96" VPOS="3017" HPOS="966"/><SP WIDTH="8" VPOS="3016" HPOS="1063"/><String CONTENT="distance" HEIGHT="29" WIDTH="135" VPOS="3016" HPOS="1072"/><SP WIDTH="9" VPOS="3016" HPOS="1208"/><String CONTENT="from" HEIGHT="29" WIDTH="82" VPOS="3016" HPOS="1218"/><SP WIDTH="11" VPOS="3017" HPOS="1301"/><String CONTENT="Sun" HEIGHT="28" WIDTH="63" VPOS="3017" HPOS="1313"/></TextLine>
</TextBlock>
<TextBlock ID="BlockId-A7153FE3-E823-4DCC-9264-E1A576B35697-" HEIGHT="50" WIDTH="514" VPOS="3006" HPOS="1753" STYLEREFS="StyleId-672F33A4-C3A5-424F-8BE6-1425B7B3F509- font2">
<TextLine HEIGHT="29" WIDTH="268" VPOS="3016" HPOS="1976"><String CONTENT="149" HEIGHT="28" WIDTH="56" VPOS="3017" HPOS="1976"/><SP WIDTH="11" VPOS="3017" HPOS="2033"/><String CONTENT="600" HEIGHT="28" WIDTH="60" VPOS="3017" HPOS="2045"/><SP WIDTH="11" VPOS="3017" HPOS="2106"/><String CONTENT="000" HEIGHT="28" WIDTH="60" VPOS="3017" HPOS="2118"/><SP WIDTH="10" VPOS="3016" HPOS="2179"/><String CONTENT="km" HEIGHT="29" WIDTH="54" VPOS="3016" HPOS="2190"/></TextLine>
</TextBlock>
<TextBlock ID="BlockId-10C16860-2EEB-4527-92EA-30E6D2256024-" HEIGHT="50" WIDTH="811" VPOS="3056" HPOS="942" STYLEREFS="StyleId-672F33A4-C3A5-424F-8BE6-1425B7B3F509- font2">
<TextLine HEIGHT="38" WIDTH="222" VPOS="3066" HPOS="967"><String CONTENT="Orbital" HEIGHT="29" WIDTH="116" VPOS="3066" HPOS="967"/><SP WIDTH="12" VPOS="3066" HPOS="1084"/><String CONTENT="speed" HEIGHT="38" WIDTH="92" VPOS="3066" HPOS="1097"/></TextLine>
</TextBlock>
<TextBlock ID="BlockId-F63E3333-17BB-4D33-96C3-5035EB944644-" HEIGHT="50" WIDTH="514" VPOS="3056" HPOS="1753" STYLEREFS="StyleId-672F33A4-C3A5-424F-8BE6-1425B7B3F509- font2">
<TextLine HEIGHT="31" WIDTH="221" VPOS="3066" HPOS="2020"><String CONTENT="29.79" HEIGHT="30" WIDTH="91" VPOS="3067" HPOS="2020"/><SP WIDTH="10" VPOS="3066" HPOS="2112"/><String CONTENT="km/sec" HEIGHT="29" WIDTH="118" VPOS="3066" HPOS="2123"/></TextLine>
</TextBlock>
<TextBlock ID="BlockId-622E442A-AAC2-4340-BDFD-B5BC0EBA5E6C-" HEIGHT="50" WIDTH="811" VPOS="3106" HPOS="942" STYLEREFS="StyleId-672F33A4-C3A5-424F-8BE6-1425B7B3F509- font2">
<TextLine HEIGHT="38" WIDTH="234" VPOS="3116" HPOS="967"><String CONTENT="Orbital" HEIGHT="29" WIDTH="115" VPOS="3116" HPOS="967"/><SP WIDTH="10" VPOS="3116" HPOS="1083"/><String CONTENT="period" HEIGHT="38" WIDTH="107" VPOS="3116" HPOS="1094"/></TextLine>
</TextBlock>
<TextBlock ID="BlockId-1C2193E3-34DD-4D9F-AC3F-4E7BA62F6F76-" HEIGHT="50" WIDTH="514" VPOS="3106" HPOS="1753" STYLEREFS="StyleId-672F33A4-C3A5-424F-8BE6-1425B7B3F509- font2">
<TextLine HEIGHT="38" WIDTH="199" VPOS="3116" HPOS="2043"><String CONTENT="365.26" HEIGHT="30" WIDTH="111" VPOS="3117" HPOS="2043"/><SP WIDTH="11" VPOS="3116" HPOS="2155"/><String CONTENT="days" HEIGHT="38" WIDTH="75" VPOS="3116" HPOS="2167"/></TextLine>
</TextBlock>
<TextBlock ID="BlockId-E5BD52E8-C83F-48CA-B193-39A92659A082-" HEIGHT="50" WIDTH="811" VPOS="3156" HPOS="942" STYLEREFS="StyleId-672F33A4-C3A5-424F-8BE6-1425B7B3F509- font2">
<TextLine HEIGHT="38" WIDTH="485" VPOS="3166" HPOS="967"><String CONTENT="Day" HEIGHT="37" WIDTH="67" VPOS="3167" HPOS="967"/><SP WIDTH="12" VPOS="3168" HPOS="1035"/><String CONTENT="(from" HEIGHT="36" WIDTH="93" VPOS="3166" HPOS="1048"/><SP WIDTH="10" VPOS="3176" HPOS="1142"/><String CONTENT="sumise" HEIGHT="29" WIDTH="114" VPOS="3166" HPOS="1153"/><SP WIDTH="11" VPOS="3170" HPOS="1268"/><String CONTENT="to" HEIGHT="25" WIDTH="30" VPOS="3170" HPOS="1280"/><SP WIDTH="13" VPOS="3176" HPOS="1311"/><String CONTENT="sumise)" HEIGHT="36" WIDTH="127" VPOS="3166" HPOS="1325"/></TextLine>
</TextBlock>
<TextBlock ID="BlockId-FAC6929A-C8B0-4945-A032-6911C9DB3619-" HEIGHT="50" WIDTH="514" VPOS="3156" HPOS="1753" STYLEREFS="StyleId-672F33A4-C3A5-424F-8BE6-1425B7B3F509- font2">
<TextLine HEIGHT="29" WIDTH="143" VPOS="3166" HPOS="2099"><String CONTENT="24" HEIGHT="28" WIDTH="39" VPOS="3167" HPOS="2099"/><SP WIDTH="11" VPOS="3166" HPOS="2139"/><String CONTENT="hours" HEIGHT="29" WIDTH="91" VPOS="3166" HPOS="2151"/></TextLine>
</TextBlock>
<TextBlock ID="BlockId-88661E88-6EE3-4AB2-80C2-00A66F1C5871-" HEIGHT="50" WIDTH="811" VPOS="3206" HPOS="942" STYLEREFS="StyleId-672F33A4-C3A5-424F-8BE6-1425B7B3F509- font2">
<TextLine HEIGHT="38" WIDTH="268" VPOS="3216" HPOS="968"><String CONTENT="Average" HEIGHT="37" WIDTH="138" VPOS="3217" HPOS="968"/><SP WIDTH="11" VPOS="3216" HPOS="1107"/><String CONTENT="density" HEIGHT="38" WIDTH="117" VPOS="3216" HPOS="1119"/></TextLine>
</TextBlock>
<TextBlock ID="BlockId-070964D7-A4D6-4441-A8EB-B6A1619291B0-" HEIGHT="50" WIDTH="514" VPOS="3206" HPOS="1753" STYLEREFS="StyleId-672F33A4-C3A5-424F-8BE6-1425B7B3F509- font2">
<TextLine HEIGHT="30" WIDTH="69" VPOS="3217" HPOS="2172"><String CONTENT="5.52" HEIGHT="30" WIDTH="69" VPOS="3217" HPOS="2172"/></TextLine>
</TextBlock>
<TextBlock ID="BlockId-BA161262-8F8F-4B6C-BBAA-833C5EDAFBB5-" HEIGHT="55" WIDTH="811" VPOS="3256" HPOS="942" STYLEREFS="StyleId-672F33A4-C3A5-424F-8BE6-1425B7B3F509- font2">
<TextLine HEIGHT="38" WIDTH="382" VPOS="3266" HPOS="967"><String CONTENT="Temperature" HEIGHT="37" WIDTH="210" VPOS="3267" HPOS="967"/><SP WIDTH="11" VPOS="3276" HPOS="1178"/><String CONTENT="at" HEIGHT="25" WIDTH="30" VPOS="3270" HPOS="1190"/><SP WIDTH="10" VPOS="3270" HPOS="1221"/><String CONTENT="surface" HEIGHT="29" WIDTH="117" VPOS="3266" HPOS="1232"/></TextLine>
</TextBlock>
<TextBlock ID="BlockId-5078100E-D29F-4507-919F-3BA7D1D90C23-" HEIGHT="55" WIDTH="514" VPOS="3256" HPOS="1753" STYLEREFS="StyleId-672F33A4-C3A5-424F-8BE6-1425B7B3F509- font2">
<TextLine HEIGHT="28" WIDTH="219" VPOS="3270" HPOS="2022"><String CONTENT="-70°" HEIGHT="28" WIDTH="73" VPOS="3270" HPOS="2022"/><SP WIDTH="14" VPOS="3270" HPOS="2096"/><String CONTENT="-" HEIGHT="4" WIDTH="11" VPOS="3286" HPOS="2111"/><SP WIDTH="7" VPOS="3273" HPOS="2123"/><String CONTENT="+" HEIGHT="22" WIDTH="22" VPOS="3273" HPOS="2131"/><SP WIDTH="5" VPOS="3270" HPOS="2154"/><String CONTENT="55°C" HEIGHT="28" WIDTH="81" VPOS="3270" HPOS="2160"/></TextLine>
</TextBlock></ComposedBlock></ComposedBlock>
<ComposedBlock ID="BlockId-5305673C-EB18-4E80-9AC0-E2122DD1700F-" HEIGHT="406" WIDTH="1325" VPOS="2905" HPOS="942" TYPE="separatorsBox"><GraphicalElement ID="BlockId-B4A1C418-035A-41A6-8CB2-003CCD4D6968-" HEIGHT="3" WIDTH="1325" VPOS="2905" HPOS="942"/><GraphicalElement ID="BlockId-FC7034A2-A01C-40EF-A1F7-BB290BC6B2FD-" HEIGHT="3" WIDTH="1325" VPOS="3308" HPOS="942"/><GraphicalElement ID="BlockId-F7C64EB4-07D1-4037-8B09-E3C0491EA47E-" HEIGHT="406" WIDTH="3" VPOS="2905" HPOS="942"/><GraphicalElement ID="BlockId-6AD0E6C6-F863-4656-8D31-F58DCA1581D5-" HEIGHT="406" WIDTH="3" VPOS="2905" HPOS="2264"/></ComposedBlock><GraphicalElement ID="BlockId-DC0ED232-ED4E-4459-A608-41772D27DFC3-" HEIGHT="2" WIDTH="574" VPOS="1676" HPOS="194"/><GraphicalElement ID="BlockId-DE14BD29-231C-4C46-92BD-2E9B2C6CA614-" HEIGHT="3" WIDTH="152" VPOS="2509" HPOS="640"/><GraphicalElement ID="BlockId-3C4B4C27-4DC0-4AA7-A7F0-7F73B2E855CA-" HEIGHT="3" WIDTH="1325" VPOS="2955" HPOS="942"/><GraphicalElement ID="BlockId-B09C68D0-2A66-4709-8C8B-D531080DF0AD-" HEIGHT="3" WIDTH="342" VPOS="2974" HPOS="450"/><GraphicalElement ID="BlockId-889B430E-A492-4376-A7AB-F8CA38A54CE6-" HEIGHT="3" WIDTH="1325" VPOS="3005" HPOS="942"/><GraphicalElement ID="BlockId-9A9C72C9-26C5-49E3-9224-C3D8C7B3372A-" HEIGHT="3" WIDTH="1325" VPOS="3055" HPOS="942"/><GraphicalElement ID="BlockId-9F9B58DD-AE3B-492D-B483-E2DE2954BA77-" HEIGHT="3" WIDTH="1325" VPOS="3105" HPOS="942"/><GraphicalElement ID="BlockId-97AAAE38-77AB-47BE-A8C0-78E4B8AA23E2-" HEIGHT="3" WIDTH="1325" VPOS="3155" HPOS="942"/><GraphicalElement ID="BlockId-10EC1767-07E7-4860-B8EC-CFF3F1E1B73A-" HEIGHT="3" WIDTH="1325" VPOS="3205" HPOS="942"/><GraphicalElement ID="BlockId-A92761E9-AD00-4C9F-BD92-6FF618506ABF-" HEIGHT="3" WIDTH="1325" VPOS="3255" HPOS="942"/><GraphicalElement ID="BlockId-DB8C5FDD-EB8C-45DD-8D8D-EA58C2CE0665-" HEIGHT="468" WIDTH="2" VPOS="2509" HPOS="790"/><GraphicalElement ID="BlockId-D780818C-6661-43DD-9743-E38199468C38-" HEIGHT="356" WIDTH="3" VPOS="2955" HPOS="1752"/>
</PrintSpace>
</Page>
</Layout>
</alto>