﻿<?xml version="1.0" encoding="UTF-8" standalone="yes"?>
<alto xmlns="http://www.loc.gov/standards/alto/ns-v2#" xmlns:xlink="http://www.w3.org/1999/xlink" xmlns:xsi="http://www.w3.org/2001/XMLSchema-instance" xsi:schemaLocation="http://www.loc.gov/standards/alto/ns-v2# http://www.loc.gov/standards/alto/alto-v2.0.xsd">
<Description>
<MeasurementUnit>pixel</MeasurementUnit>
<OCRProcessing ID="IdOcr"><ocrProcessingStep><processingDateTime>2013-09-12</processingDateTime><processingSoftware><softwareCreator>ABBYY</softwareCreator><softwareName>ABBYY Recognition Server</softwareName><softwareVersion>4.0</softwareVersion></processingSoftware></ocrProcessingStep></OCRProcessing>
</Description>
<Styles><TextStyle ID="font0" FONTFAMILY="Arial" FONTSIZE="27"/><TextStyle ID="font1" FONTFAMILY="Times New Roman" FONTSIZE="9"/><TextStyle ID="font2" FONTFAMILY="Times New Roman" FONTSIZE="10"/><TextStyle ID="font3" FONTFAMILY="Times New Roman" FONTSIZE="13"/>
<ParagraphStyle ID="StyleId-FFFFFFFF-FFFF-FFFF-FFFF-FFFFFFFFFFFF-" ALIGN="Left" LEFT="0" RIGHT="0" FIRSTLINE="0"/>
<ParagraphStyle ID="StyleId-C5E3858E-5B20-4F67-932D-51DD52BA7D1F-" ALIGN="Left" LEFT="0" RIGHT="0" FIRSTLINE="0"/>
<ParagraphStyle ID="StyleId-2E742638-2C8F-433D-BB43-AA44DB97E9D0-" ALIGN="Block" LEFT="0" RIGHT="0" FIRSTLINE="0" LINESPACE="11"/>
<ParagraphStyle ID="StyleId-672F33A4-C3A5-424F-8BE6-1425B7B3F509-" ALIGN="Block" LEFT="0" RIGHT="0" FIRSTLINE="0" LINESPACE="11"/>
<ParagraphStyle ID="StyleId-658AA064-D672-4C40-9701-BA6A1512B31D-" ALIGN="Block" LEFT="0" RIGHT="0" FIRSTLINE="0" LINESPACE="10"/>
<ParagraphStyle ID="StyleId-70673102-BAC9-443C-83C9-48EA5F53AE5E-" ALIGN="Block" LEFT="0" RIGHT="0" FIRSTLINE="0" LINESPACE="12"/>
</Styles>
<Layout>
<Page ID="Page1" PHYSICAL_IMG_NR="1">
<PrintSpace HEIGHT="3508" WIDTH="2479" VPOS="0" HPOS="0">
<TextBlock ID="BlockId-3DF5B3DC-DAE6-4141-95B8-AB149C6188D4-" HEIGHT="602" WIDTH="2086" VPOS="187" HPOS="183" STYLEREFS="StyleId-70673102-BAC9-443C-83C9-48EA5F53AE5E- font2">
<TextLine HEIGHT="84" WIDTH="692" VPOS="193" HPOS="197" STYLEREFS="StyleId-C5E3858E-5B20-4F67-932D-51DD52BA7D1F- font0"><String STYLE="bold" CONTENT="Planet"/><SP/><String STYLE="bold" CONTENT="Earth"/></TextLine>
<TextLine HEIGHT="42" WIDTH="2072" VPOS="341" HPOS="190"><String STYLE="bold" CONTENT="Each"/><SP/><String STYLE="bold" CONTENT="planet"/><SP/><String STYLE="bold" CONTENT="of"/><SP/><String STYLE="bold" CONTENT="the"/><SP/><String STYLE="bold" CONTENT="Solar"/><SP/><String STYLE="bold" CONTENT="system"/><SP/><String STYLE="bold" CONTENT="is"/><SP/><String STYLE="bold" CONTENT="unique"/><SP/><String STYLE="bold" CONTENT="in"/><SP/><String STYLE="bold" CONTENT="its"/><SP/><String STYLE="bold" CONTENT="own"/><SP/><String STYLE="bold" CONTENT="right,"/><SP/><String STYLE="bold" CONTENT="yet"/><SP/><String STYLE="bold" CONTENT="Earth"/><SP/><String STYLE="bold" CONTENT="has"/><SP/><String STYLE="bold" CONTENT="a"/><SP/><String STYLE="bold" CONTENT="whole"/><SP/><String STYLE="bold" CONTENT="set"/><SP/><String STYLE="bold" CONTENT="of"/><SP/><String STYLE="bold" CONTENT="really"/><SP/><String STYLE="bold" CONTENT="unique"/><SP/><String STYLE="bold" CONTENT="features."/></TextLine>
<TextLine HEIGHT="40" WIDTH="2071" VPOS="394" HPOS="191"><String STYLE="bold" CONTENT="First,"/><SP/><String STYLE="bold" CONTENT="it"/><SP/><String STYLE="bold" CONTENT="is"/><SP/><String STYLE="bold" CONTENT="the"/><SP/><String STYLE="bold" CONTENT="only"/><SP/><String STYLE="bold" CONTENT="active"/><SP/><String STYLE="bold" CONTENT="planet"/><SP/><String STYLE="bold" CONTENT="-"/><SP/><String STYLE="bold" CONTENT="the"/><SP/><String STYLE="bold" CONTENT="earthquakes"/><SP/><String STYLE="bold" CONTENT="and"/><SP/><String STYLE="bold" CONTENT="volcano"/><SP/><String STYLE="bold" CONTENT="eruptions"/><SP/><String STYLE="bold" CONTENT="constantly"/><SP/><String STYLE="bold" CONTENT="change"/><SP/><String STYLE="bold" CONTENT="its"/><SP/><String STYLE="bold" CONTENT="appearance."/></TextLine>
<TextLine HEIGHT="41" WIDTH="2071" VPOS="444" HPOS="191"><String STYLE="bold" CONTENT="Second,"/><SP/><String STYLE="bold" CONTENT="it"/><SP/><String STYLE="bold" CONTENT="is"/><SP/><String STYLE="bold" CONTENT="the"/><SP/><String STYLE="bold" CONTENT="only"/><SP/><String STYLE="bold" CONTENT="planet"/><SP/><String STYLE="bold" CONTENT="that"/><SP/><String STYLE="bold" CONTENT="boasts"/><SP/><String STYLE="bold" CONTENT="vast"/><SP/><String STYLE="bold" CONTENT="resources"/><SP/><String STYLE="bold" CONTENT="of"/><SP/><String STYLE="bold" CONTENT="liquid"/><SP/><String STYLE="bold" CONTENT="water:"/><SP/><String STYLE="bold" CONTENT="it’s"/><SP/><String STYLE="bold" CONTENT="too"/><SP/><String STYLE="bold" CONTENT="hot"/><SP/><String STYLE="bold" CONTENT="for"/><SP/><String STYLE="bold" CONTENT="that"/><SP/><String STYLE="bold" CONTENT="on"/><SP/><String STYLE="bold" CONTENT="Venus"/><SP/><String STYLE="bold" CONTENT="and"/><SP/><String STYLE="bold" CONTENT="too"/></TextLine>
<TextLine HEIGHT="40" WIDTH="2069" VPOS="496" HPOS="191"><String STYLE="bold" CONTENT="cold"/><SP/><String STYLE="bold" CONTENT="on"/><SP/><String STYLE="bold" CONTENT="Mars."/><SP/><String STYLE="bold" CONTENT="The"/><SP/><String STYLE="bold" CONTENT="Earth’s"/><SP/><String STYLE="bold" CONTENT="atmosphere"/><SP/><String STYLE="bold" CONTENT="is"/><SP/><String STYLE="bold" CONTENT="also"/><SP/><String STYLE="bold" CONTENT="very"/><SP/><String STYLE="bold" CONTENT="unlike"/><SP/><String STYLE="bold" CONTENT="any"/><SP/><String STYLE="bold" CONTENT="other"/><SP/><String STYLE="bold" CONTENT="planet’s"/><SP/><String STYLE="bold" CONTENT="gaseous"/><SP/><String STYLE="bold" CONTENT="shells."/><SP/><String STYLE="bold" CONTENT="Earth"/><SP/><String STYLE="bold" CONTENT="neighbors’"/></TextLine>
<TextLine HEIGHT="40" WIDTH="2072" VPOS="547" HPOS="191"><String STYLE="bold" CONTENT="atmospheres"/><SP/><String STYLE="bold" CONTENT="consist"/><SP/><String STYLE="bold" CONTENT="mainly"/><SP/><String STYLE="bold" CONTENT="of"/><SP/><String STYLE="bold" CONTENT="carbon"/><SP/><String STYLE="bold" CONTENT="dioxide,"/><SP/><String STYLE="bold" CONTENT="while"/><SP/><String STYLE="bold" CONTENT="the"/><SP/><String STYLE="bold" CONTENT="Earth’s"/><SP/><String STYLE="bold" CONTENT="contains"/><SP/><String STYLE="bold" CONTENT="great"/><SP/><String STYLE="bold" CONTENT="amounts"/><SP/><String STYLE="bold" CONTENT="of"/><SP/><String STYLE="bold" CONTENT="oxygen"/><SP/><String STYLE="bold" CONTENT="and"/></TextLine>
<TextLine HEIGHT="40" WIDTH="2072" VPOS="598" HPOS="190"><String STYLE="bold" CONTENT="nitrogen,"/><SP/><String STYLE="bold" CONTENT="which"/><SP/><String STYLE="bold" CONTENT="form"/><SP/><String STYLE="bold" CONTENT="shield"/><SP/><String STYLE="bold" CONTENT="from"/><SP/><String STYLE="bold" CONTENT="the"/><SP/><String STYLE="bold" CONTENT="most"/><SP/><String STYLE="bold" CONTENT="dangerous"/><SP/><String STYLE="bold" CONTENT="components"/><SP/><String STYLE="bold" CONTENT="of"/><SP/><String STYLE="bold" CONTENT="solar"/><SP/><String STYLE="bold" CONTENT="radiation."/><SP/><String STYLE="bold" CONTENT="The"/><SP/><String STYLE="bold" CONTENT="Earth’s"/></TextLine>
<TextLine HEIGHT="40" WIDTH="2072" VPOS="649" HPOS="191"><String STYLE="bold" CONTENT="atmosphere"/><SP/><String STYLE="bold" CONTENT="also"/><SP/><String STYLE="bold" CONTENT="protects"/><SP/><String STYLE="bold" CONTENT="the"/><SP/><String STYLE="bold" CONTENT="planet"/><SP/><String STYLE="bold" CONTENT="from"/><SP/><String STYLE="bold" CONTENT="meteorites."/><SP/><String STYLE="bold" CONTENT="More"/><SP/><String STYLE="bold" CONTENT="so,"/><SP/><String STYLE="bold" CONTENT="it"/><SP/><String STYLE="bold" CONTENT="is"/><SP/><String STYLE="bold" CONTENT="this"/><SP/><String STYLE="bold" CONTENT="unique"/><SP/><String STYLE="bold" CONTENT="combination"/><SP/><String STYLE="bold" CONTENT="of"/><SP/><String STYLE="bold" CONTENT="constantly"/></TextLine>
<TextLine HEIGHT="40" WIDTH="2072" VPOS="700" HPOS="191"><String STYLE="bold" CONTENT="changing"/><SP/><String STYLE="bold" CONTENT="land"/><SP/><String STYLE="bold" CONTENT="surface,"/><SP/><String STYLE="bold" CONTENT="oceans"/><SP/><String STYLE="bold" CONTENT="and"/><SP/><String STYLE="bold" CONTENT="aerial"/><SP/><String STYLE="bold" CONTENT="shield"/><SP/><String STYLE="bold" CONTENT="that"/><SP/><String STYLE="bold" CONTENT="made"/><SP/><String STYLE="bold" CONTENT="it"/><SP/><String STYLE="bold" CONTENT="possible"/><SP/><String STYLE="bold" CONTENT="for"/><SP/><String STYLE="bold" CONTENT="another"/><SP/><String STYLE="bold" CONTENT="unique"/><SP/><String STYLE="bold" CONTENT="phenomenon"/><SP/><String STYLE="bold" CONTENT="-"/><SP/><String STYLE="bold" CONTENT="Life"/><SP/><String STYLE="bold" CONTENT="-"/></TextLine>
<TextLine HEIGHT="32" WIDTH="323" VPOS="751" HPOS="189"><String STYLE="bold" CONTENT="to"/><SP/><String STYLE="bold" CONTENT="exist"/><SP/><String STYLE="bold" CONTENT="on"/><SP/><String STYLE="bold" CONTENT="Earth."/></TextLine>
</TextBlock>
<ComposedBlock ID="BlockId-3953E96E-5744-4214-8FC5-832AFC3F3506-" HEIGHT="2439" WIDTH="640" VPOS="877" HPOS="159" TYPE="container"><Illustration ID="BlockId-496DA2BF-A30B-4825-B5C8-979797BB0E1F-" HEIGHT="585" WIDTH="591" VPOS="877" HPOS="193"/>
<ComposedBlock ID="BlockId-55A749B7-F1CD-45C0-AF8D-837CB2F5F0CF-" HEIGHT="704" WIDTH="609" VPOS="1498" HPOS="182" TYPE="container">
<TextBlock ID="BlockId-5C5A2E14-B051-4ADE-ABF2-C7E0B826B64D-" HEIGHT="133" WIDTH="606" VPOS="1498" HPOS="182" STYLEREFS="StyleId-658AA064-D672-4C40-9701-BA6A1512B31D- font1">
<TextLine HEIGHT="34" WIDTH="590" VPOS="1504" HPOS="188"><String STYLE="italics" CONTENT="Our"/><SP/><String STYLE="italics" CONTENT="planet"/><SP/><String STYLE="italics" CONTENT="photographed"/><SP/><String STYLE="italics" CONTENT="from"/></TextLine>
<TextLine HEIGHT="36" WIDTH="591" VPOS="1546" HPOS="192"><String STYLE="italics" CONTENT="&quot;Apollo"/><SP/><String STYLE="italics" CONTENT="-"/><SP/><String STYLE="italics" CONTENT="17&quot;."/><SP/><String STYLE="italics" CONTENT="You"/><SP/><String STYLE="italics" CONTENT="can"/><SP/><String STYLE="italics" CONTENT="notice"/><SP/><String STYLE="italics" CONTENT="the"/><SP/><String STYLE="italics" CONTENT="big"/></TextLine>
<TextLine HEIGHT="36" WIDTH="405" VPOS="1590" HPOS="184"><String STYLE="italics" CONTENT="ice"/><SP/><String STYLE="italics" CONTENT="polar"/><SP/><String STYLE="italics" CONTENT="cap"/><SP/><String STYLE="italics" CONTENT="in"/><SP/><String STYLE="italics" CONTENT="Antarctica."/></TextLine>
</TextBlock><Illustration ID="BlockId-DC6FF7D0-B245-4DDD-B35A-FA800CE0F38E-" HEIGHT="526" WIDTH="598" VPOS="1676" HPOS="193"/></ComposedBlock>
<TextBlock ID="BlockId-1C405781-4A07-4608-9E2F-575B6406B14D-" HEIGHT="219" WIDTH="597" VPOS="2239" HPOS="181" STYLEREFS="StyleId-658AA064-D672-4C40-9701-BA6A1512B31D- font1">
<TextLine HEIGHT="35" WIDTH="585" VPOS="2244" HPOS="187"><String STYLE="italics" CONTENT="Grand"/><SP/><String STYLE="italics" CONTENT="Canyon:"/><SP/><String STYLE="italics" CONTENT="the"/><SP/><String STYLE="italics" CONTENT="stream"/><SP/><String STYLE="italics" CONTENT="cut"/><SP/><String STYLE="italics" CONTENT="through"/></TextLine>
<TextLine HEIGHT="35" WIDTH="476" VPOS="2288" HPOS="188"><String STYLE="italics" CONTENT="the"/><SP/><String STYLE="italics" CONTENT="layers"/><SP/><String STYLE="italics" CONTENT="of"/><SP/><String STYLE="italics" CONTENT="soft"/><SP/><String STYLE="italics" CONTENT="sandstone"/><SP/><String STYLE="italics" CONTENT="and"/></TextLine>
<TextLine HEIGHT="33" WIDTH="506" VPOS="2330" HPOS="189"><String STYLE="italics" CONTENT="limestone"/><SP/><String STYLE="italics" CONTENT="in"/><SP/><String STYLE="italics" CONTENT="Arizona"/><SP/><String STYLE="italics" CONTENT="(USA)"/><SP/><String STYLE="italics" CONTENT="into"/><SP/><String STYLE="italics" CONTENT="a"/></TextLine>
<TextLine HEIGHT="34" WIDTH="226" VPOS="2374" HPOS="187"><String STYLE="italics" CONTENT="gigantic"/><SP/><String STYLE="italics" CONTENT="valley."/></TextLine>
<TextLine HEIGHT="35" WIDTH="450" VPOS="2417" HPOS="189"><String STYLE="italics" CONTENT="The"/><SP/><String STYLE="italics" CONTENT="maximum"/><SP/><String STYLE="italics" CONTENT="depth"/><SP/><String STYLE="italics" CONTENT="is"/><SP/><String STYLE="italics" CONTENT="1.9"/><SP/><String STYLE="italics" CONTENT="km."/></TextLine>
</TextBlock><Illustration ID="BlockId-AD64208A-6857-4E0F-8E37-CF92F2DA4987-" HEIGHT="468" WIDTH="618" VPOS="2509" HPOS="174"/>
<TextBlock ID="BlockId-067C9ABC-056F-4C33-AACE-E1444FE009DA-" HEIGHT="304" WIDTH="640" VPOS="3012" HPOS="159" STYLEREFS="StyleId-658AA064-D672-4C40-9701-BA6A1512B31D- font1">
<TextLine HEIGHT="36" WIDTH="628" VPOS="3017" HPOS="164"><String STYLE="italics" CONTENT="Mississippi"/><SP/><String STYLE="italics" CONTENT="Delta:"/><SP/><String STYLE="italics" CONTENT="the"/><SP/><String STYLE="italics" CONTENT="river"/><SP/><String STYLE="italics" CONTENT="Mississippi"/></TextLine>
<TextLine HEIGHT="35" WIDTH="624" VPOS="3060" HPOS="168"><String STYLE="italics" CONTENT="collects"/><SP/><String STYLE="italics" CONTENT="a"/><SP/><String STYLE="italics" CONTENT="great"/><SP/><String STYLE="italics" CONTENT="amount"/><SP/><String STYLE="italics" CONTENT="of"/><SP/><String STYLE="italics" CONTENT="sediments"/></TextLine>
<TextLine HEIGHT="35" WIDTH="621" VPOS="3104" HPOS="169"><String STYLE="italics" CONTENT="along"/><SP/><String STYLE="italics" CONTENT="its"/><SP/><String STYLE="italics" CONTENT="long"/><SP/><String STYLE="italics" CONTENT="run"/><SP/><String STYLE="italics" CONTENT="and"/><SP/><String STYLE="italics" CONTENT="then"/><SP/><String STYLE="italics" CONTENT="drops"/><SP/><String STYLE="italics" CONTENT="them"/><SP/><String STYLE="italics" CONTENT="in"/></TextLine>
<TextLine HEIGHT="37" WIDTH="623" VPOS="3145" HPOS="169"><String STYLE="italics" CONTENT="the"/><SP/><String STYLE="italics" CONTENT="Gulf"/><SP/><String STYLE="italics" CONTENT="of"/><SP/><String STYLE="italics" CONTENT="Mexico."/><SP/><String STYLE="italics" CONTENT="This"/><SP/><String STYLE="italics" CONTENT="slow"/><SP/><String STYLE="italics" CONTENT="river"/></TextLine>
<TextLine HEIGHT="30" WIDTH="623" VPOS="3189" HPOS="169"><String STYLE="italics" CONTENT="leaves"/><SP/><String STYLE="italics" CONTENT="these"/><SP/><String STYLE="italics" CONTENT="sediments"/><SP/><String STYLE="italics" CONTENT="in"/><SP/><String STYLE="italics" CONTENT="the"/><SP/><String STYLE="italics" CONTENT="mouth,"/><SP/><String STYLE="italics" CONTENT="thus"/></TextLine>
<TextLine HEIGHT="34" WIDTH="624" VPOS="3233" HPOS="169"><String STYLE="italics" CONTENT="Creating"/><SP/><String STYLE="italics" CONTENT="areas"/><SP/><String STYLE="italics" CONTENT="of"/><SP/><String STYLE="italics" CONTENT="new"/><SP/><String STYLE="italics" CONTENT="land"/><SP/><String STYLE="italics" CONTENT="that"/><SP/><String STYLE="italics" CONTENT="didn&apos;t"/></TextLine>
<TextLine HEIGHT="34" WIDTH="179" VPOS="3276" HPOS="168"><String STYLE="italics" CONTENT="exist"/><SP/><String STYLE="italics" CONTENT="before."/></TextLine>
</TextBlock></ComposedBlock>
<ComposedBlock ID="BlockId-78F821DB-412C-400F-8785-71E6E3053603-" HEIGHT="2453" WIDTH="1375" VPOS="858" HPOS="901" TYPE="container">
<TextBlock ID="BlockId-49EA5BCD-1A4D-41DE-AD3F-591472307EE5-" HEIGHT="1990" WIDTH="1375" VPOS="858" HPOS="901" STYLEREFS="StyleId-672F33A4-C3A5-424F-8BE6-1425B7B3F509- font2">
<TextLine HEIGHT="41" WIDTH="182" VPOS="864" HPOS="911" STYLEREFS="StyleId-2E742638-2C8F-433D-BB43-AA44DB97E9D0- font3"><String STYLE="bold" CONTENT="Seasons"/></TextLine>
<TextLine HEIGHT="38" WIDTH="1360" VPOS="925" HPOS="908"><String CONTENT="Each"/><SP/><String CONTENT="24"/><SP/><String CONTENT="hours"/><SP/><String CONTENT="the"/><SP/><String CONTENT="Earth"/><SP/><String CONTENT="completes"/><SP/><String CONTENT="a"/><SP/><String CONTENT="full"/><SP/><String CONTENT="revolution"/><SP/><String CONTENT="around"/><SP/><String CONTENT="its"/><SP/><String CONTENT="axis,"/><SP/><String CONTENT="which"/><SP/><String CONTENT="is"/></TextLine>
<TextLine HEIGHT="38" WIDTH="1359" VPOS="976" HPOS="909"><String CONTENT="inclined"/><SP/><String CONTENT="by"/><SP/><String CONTENT="23.5°"/><SP/><String CONTENT="to"/><SP/><String CONTENT="the"/><SP/><String CONTENT="vertical."/><SP/><String CONTENT="This"/><SP/><String CONTENT="inclination"/><SP/><String CONTENT="is"/><SP/><String CONTENT="the"/><SP/><String CONTENT="reason"/><SP/><String CONTENT="why"/><SP/><String CONTENT="the"/><SP/><String CONTENT="seasons"/></TextLine>
<TextLine HEIGHT="38" WIDTH="801" VPOS="1024" HPOS="909"><String CONTENT="change"/><SP/><String CONTENT="on"/><SP/><String CONTENT="the"/><SP/><String CONTENT="Earth"/><SP/><String CONTENT="as"/><SP/><String CONTENT="it"/><SP/><String CONTENT="rotates"/><SP/><String CONTENT="around"/><SP/><String CONTENT="the"/><SP/><String CONTENT="Sun."/></TextLine>
<TextLine HEIGHT="41" WIDTH="226" VPOS="1119" HPOS="911" STYLEREFS="StyleId-2E742638-2C8F-433D-BB43-AA44DB97E9D0- font3"><String STYLE="bold" CONTENT="Structure"/></TextLine>
<TextLine HEIGHT="39" WIDTH="1359" VPOS="1183" HPOS="909"><String CONTENT="The"/><SP/><String CONTENT="central"/><SP/><String CONTENT="part"/><SP/><String CONTENT="of"/><SP/><String CONTENT="Earth"/><SP/><String CONTENT="is"/><SP/><String CONTENT="a"/><SP/><String CONTENT="metal"/><SP/><String CONTENT="core;"/><SP/><String CONTENT="it’s"/><SP/><String CONTENT="very"/><SP/><String CONTENT="hot"/><SP/><String CONTENT="-"/><SP/><String CONTENT="some"/><SP/><String CONTENT="4000°C,"/><SP/><String CONTENT="and"/><SP/><String CONTENT="it’s"/></TextLine>
<TextLine HEIGHT="38" WIDTH="1360" VPOS="1231" HPOS="910"><String CONTENT="surrounded"/><SP/><String CONTENT="by"/><SP/><String CONTENT="a"/><SP/><String CONTENT="shell"/><SP/><String CONTENT="of"/><SP/><String CONTENT="liquid"/><SP/><String CONTENT="iron"/><SP/><String CONTENT="that"/><SP/><String CONTENT="creates"/><SP/><String CONTENT="the"/><SP/><String CONTENT="magnetic"/><SP/><String CONTENT="field"/><SP/><String CONTENT="of"/><SP/><String CONTENT="Earth."/><SP/><String CONTENT="Outer"/></TextLine>
<TextLine HEIGHT="39" WIDTH="1361" VPOS="1278" HPOS="909"><String CONTENT="layers"/><SP/><String CONTENT="form"/><SP/><String CONTENT="the"/><SP/><String CONTENT="mantle"/><SP/><String CONTENT="made"/><SP/><String CONTENT="up"/><SP/><String CONTENT="of"/><SP/><String CONTENT="rocky"/><SP/><String CONTENT="substances,"/><SP/><String CONTENT="over"/><SP/><String CONTENT="which"/><SP/><String CONTENT="are"/><SP/><String CONTENT="lighter"/></TextLine>
<TextLine HEIGHT="38" WIDTH="1357" VPOS="1327" HPOS="910"><String CONTENT="substances"/><SP/><String CONTENT="that"/><SP/><String CONTENT="fonn"/><SP/><String CONTENT="the"/><SP/><String CONTENT="crust."/><SP/><String CONTENT="The"/><SP/><String CONTENT="atmosphere"/><SP/><String CONTENT="is"/><SP/><String CONTENT="made"/><SP/><String CONTENT="of"/><SP/><String CONTENT="nitrogen"/><SP/><String CONTENT="(77%)."/></TextLine>
<TextLine HEIGHT="39" WIDTH="1013" VPOS="1375" HPOS="909"><String CONTENT="oxygen"/><SP/><String CONTENT="(21%)."/><SP/><String CONTENT="and"/><SP/><String CONTENT="a"/><SP/><String CONTENT="mixture"/><SP/><String CONTENT="of"/><SP/><String CONTENT="water"/><SP/><String CONTENT="vapor"/><SP/><String CONTENT="and"/><SP/><String CONTENT="other"/><SP/><String CONTENT="gases."/></TextLine>
<TextLine HEIGHT="52" WIDTH="399" VPOS="1470" HPOS="910" STYLEREFS="StyleId-2E742638-2C8F-433D-BB43-AA44DB97E9D0- font3"><String STYLE="bold" CONTENT="Magnetic"/><SP/><String STYLE="bold" CONTENT="bubble"/></TextLine>
<TextLine HEIGHT="38" WIDTH="1359" VPOS="1532" HPOS="909"><String CONTENT="The"/><SP/><String CONTENT="rotation"/><SP/><String CONTENT="of"/><SP/><String CONTENT="Earth"/><SP/><String CONTENT="around"/><SP/><String CONTENT="its"/><SP/><String CONTENT="axis"/><SP/><String CONTENT="generates"/><SP/><String CONTENT="forceful"/><SP/><String CONTENT="electrical"/><SP/><String CONTENT="currents"/><SP/><String CONTENT="in"/><SP/><String CONTENT="the"/></TextLine>
<TextLine HEIGHT="39" WIDTH="1360" VPOS="1579" HPOS="910"><String CONTENT="iron"/><SP/><String CONTENT="core"/><SP/><String CONTENT="of"/><SP/><String CONTENT="the"/><SP/><String CONTENT="planet"/><SP/><String CONTENT="and"/><SP/><String CONTENT="this"/><SP/><String CONTENT="creates"/><SP/><String CONTENT="the"/><SP/><String CONTENT="magnetic"/><SP/><String CONTENT="field."/><SP/><String CONTENT="This"/><SP/><String CONTENT="field"/><SP/><String CONTENT="forms"/><SP/><String CONTENT="a"/><SP/><String CONTENT="giant"/></TextLine>
<TextLine HEIGHT="38" WIDTH="1359" VPOS="1628" HPOS="909"><String CONTENT="“bubble”"/><SP/><String CONTENT="in"/><SP/><String CONTENT="the"/><SP/><String CONTENT="near-Earth"/><SP/><String CONTENT="space"/><SP/><String CONTENT="called"/><SP/><String CONTENT="the"/><SP/><String CONTENT="&quot;magnetosphere”."/><SP/><String CONTENT="Magnetosphere"/></TextLine>
<TextLine HEIGHT="38" WIDTH="1360" VPOS="1675" HPOS="908"><String CONTENT="protects"/><SP/><String CONTENT="Earth"/><SP/><String CONTENT="from"/><SP/><String CONTENT="the"/><SP/><String CONTENT="solar"/><SP/><String CONTENT="wind"/><SP/><String CONTENT="-"/><SP/><String CONTENT="a"/><SP/><String CONTENT="flow"/><SP/><String CONTENT="of"/><SP/><String CONTENT="charged"/><SP/><String CONTENT="particles"/><SP/><String CONTENT="emitted"/><SP/><String CONTENT="by"/><SP/><String CONTENT="the"/></TextLine>
<TextLine HEIGHT="38" WIDTH="1359" VPOS="1723" HPOS="911"><String CONTENT="Sun."/><SP/><String CONTENT="These"/><SP/><String CONTENT="particles"/><SP/><String CONTENT="are"/><SP/><String CONTENT="trapped"/><SP/><String CONTENT="by"/><SP/><String CONTENT="the"/><SP/><String CONTENT="magnetic"/><SP/><String CONTENT="field"/><SP/><String CONTENT="in"/><SP/><String CONTENT="two"/><SP/><String CONTENT="huge"/><SP/><String CONTENT="rings"/><SP/><String CONTENT="-"/><SP/><String CONTENT="Van"/></TextLine>
<TextLine HEIGHT="41" WIDTH="1359" VPOS="1770" HPOS="909"><String CONTENT="Allen’s"/><SP/><String CONTENT="belts."/><SP/><String CONTENT="When"/><SP/><String CONTENT="spacecrafts"/><SP/><String CONTENT="travel"/><SP/><String CONTENT="through"/><SP/><String CONTENT="the"/><SP/><String CONTENT="Van"/><SP/><String CONTENT="Allen’s"/><SP/><String CONTENT="belts,"/><SP/><String CONTENT="the"/></TextLine>
<TextLine HEIGHT="38" WIDTH="1359" VPOS="1819" HPOS="909"><String CONTENT="electrical"/><SP/><String CONTENT="equipment"/><SP/><String CONTENT="of"/><SP/><String CONTENT="the"/><SP/><String CONTENT="fonner"/><SP/><String CONTENT="may"/><SP/><String CONTENT="suffer"/><SP/><String CONTENT="malfunction"/><SP/><String CONTENT="caused"/><SP/><String CONTENT="by"/><SP/><String CONTENT="these"/></TextLine>
<TextLine HEIGHT="38" WIDTH="148" VPOS="1867" HPOS="908"><String CONTENT="particles."/></TextLine>
<TextLine HEIGHT="52" WIDTH="481" VPOS="1962" HPOS="910" STYLEREFS="StyleId-2E742638-2C8F-433D-BB43-AA44DB97E9D0- font3"><String STYLE="bold" CONTENT="Clashing"/><SP/><String STYLE="bold" CONTENT="Continents"/></TextLine>
<TextLine HEIGHT="38" WIDTH="1361" VPOS="2024" HPOS="909"><String CONTENT="The"/><SP/><String CONTENT="Earth"/><SP/><String CONTENT="crust"/><SP/><String CONTENT="is"/><SP/><String CONTENT="made"/><SP/><String CONTENT="from"/><SP/><String CONTENT="parts"/><SP/><String CONTENT="called"/><SP/><String CONTENT="plates,"/><SP/><String CONTENT="which"/><SP/><String CONTENT="float"/><SP/><String CONTENT="on"/><SP/><String CONTENT="its"/><SP/><String CONTENT="surface"/><SP/><String CONTENT="driven"/></TextLine>
<TextLine HEIGHT="38" WIDTH="1363" VPOS="2072" HPOS="907"><String CONTENT="by"/><SP/><String CONTENT="the"/><SP/><String CONTENT="flows"/><SP/><String CONTENT="in"/><SP/><String CONTENT="the"/><SP/><String CONTENT="liquid"/><SP/><String CONTENT="mantle."/><SP/><String CONTENT="The"/><SP/><String CONTENT="continents"/><SP/><String CONTENT="he"/><SP/><String CONTENT="on"/><SP/><String CONTENT="these"/><SP/><String CONTENT="plates,"/><SP/><String CONTENT="and"/><SP/><String CONTENT="so"/><SP/><String CONTENT="their"/></TextLine>
<TextLine HEIGHT="38" WIDTH="1358" VPOS="2120" HPOS="909"><String CONTENT="location"/><SP/><String CONTENT="is"/><SP/><String CONTENT="subject"/><SP/><String CONTENT="to"/><SP/><String CONTENT="constant"/><SP/><String CONTENT="change."/><SP/><String CONTENT="Some"/><SP/><String CONTENT="200"/><SP/><String CONTENT="million"/><SP/><String CONTENT="years"/><SP/><String CONTENT="ago."/><SP/><String CONTENT="all"/><SP/><String CONTENT="the"/><SP/><String CONTENT="dry"/></TextLine>
<TextLine HEIGHT="40" WIDTH="1359" VPOS="2165" HPOS="909"><String CONTENT="land"/><SP/><String CONTENT="on"/><SP/><String CONTENT="Earth"/><SP/><String CONTENT="was"/><SP/><String CONTENT="a"/><SP/><String CONTENT="single"/><SP/><String CONTENT="continent"/><SP/><String CONTENT="called"/><SP/><String CONTENT="Pangea"/><SP/><String CONTENT="by"/><SP/><String CONTENT="the"/><SP/><String CONTENT="scientists,"/><SP/><String CONTENT="which"/></TextLine>
<TextLine HEIGHT="38" WIDTH="1360" VPOS="2215" HPOS="908"><String CONTENT="further"/><SP/><String CONTENT="split"/><SP/><String CONTENT="into"/><SP/><String CONTENT="the"/><SP/><String CONTENT="continents"/><SP/><String CONTENT="we"/><SP/><String CONTENT="know"/><SP/><String CONTENT="now."/><SP/><String CONTENT="The"/><SP/><String CONTENT="lava"/><SP/><String CONTENT="rises"/><SP/><String CONTENT="by"/><SP/><String CONTENT="millimeters"/></TextLine>
<TextLine HEIGHT="38" WIDTH="1359" VPOS="2263" HPOS="909"><String CONTENT="around"/><SP/><String CONTENT="the"/><SP/><String CONTENT="mountain"/><SP/><String CONTENT="ridges"/><SP/><String CONTENT="located"/><SP/><String CONTENT="on"/><SP/><String CONTENT="the"/><SP/><String CONTENT="ocean"/><SP/><String CONTENT="floor,"/><SP/><String CONTENT="and"/><SP/><String CONTENT="moves"/><SP/><String CONTENT="the"/><SP/><String CONTENT="continents"/></TextLine>
<TextLine HEIGHT="38" WIDTH="1359" VPOS="2311" HPOS="909"><String CONTENT="apart."/><SP/><String CONTENT="When"/><SP/><String CONTENT="the"/><SP/><String CONTENT="continents"/><SP/><String CONTENT="clash,"/><SP/><String CONTENT="as"/><SP/><String CONTENT="they"/><SP/><String CONTENT="do"/><SP/><String CONTENT="around"/><SP/><String CONTENT="the"/><SP/><String CONTENT="shores"/><SP/><String CONTENT="of"/><SP/><String CONTENT="the"/><SP/><String CONTENT="Pacific,"/><SP/><String CONTENT="the"/></TextLine>
<TextLine HEIGHT="38" WIDTH="1359" VPOS="2359" HPOS="908"><String CONTENT="Earth’s"/><SP/><String CONTENT="surface"/><SP/><String CONTENT="swells"/><SP/><String CONTENT="up"/><SP/><String CONTENT="and"/><SP/><String CONTENT="mountain"/><SP/><String CONTENT="ridges"/><SP/><String CONTENT="rise"/><SP/><String CONTENT="up;"/><SP/><String CONTENT="if"/><SP/><String CONTENT="the"/><SP/><String CONTENT="plates"/><SP/><String CONTENT="go"/><SP/><String CONTENT="down"/><SP/><String CONTENT="into"/></TextLine>
<TextLine HEIGHT="38" WIDTH="1360" VPOS="2407" HPOS="908"><String CONTENT="the"/><SP/><String CONTENT="mantle,"/><SP/><String CONTENT="earthquakes"/><SP/><String CONTENT="and"/><SP/><String CONTENT="volcanic"/><SP/><String CONTENT="emptions"/><SP/><String CONTENT="occur."/><SP/><String CONTENT="This"/><SP/><String CONTENT="process,"/><SP/><String CONTENT="called"/><SP/><String CONTENT="plate"/></TextLine>
<TextLine HEIGHT="38" WIDTH="882" VPOS="2455" HPOS="908"><String CONTENT="tectonics,"/><SP/><String CONTENT="constantly"/><SP/><String CONTENT="changes"/><SP/><String CONTENT="the"/><SP/><String CONTENT="Earth’s"/><SP/><String CONTENT="appearance."/></TextLine>
<TextLine HEIGHT="52" WIDTH="399" VPOS="2550" HPOS="910" STYLEREFS="StyleId-2E742638-2C8F-433D-BB43-AA44DB97E9D0- font3"><String STYLE="bold" CONTENT="Carved"/><SP/><String STYLE="bold" CONTENT="by"/><SP/><String STYLE="bold" CONTENT="water"/></TextLine>
<TextLine HEIGHT="38" WIDTH="1360" VPOS="2611" HPOS="908"><String CONTENT="Many"/><SP/><String CONTENT="tilings"/><SP/><String CONTENT="on"/><SP/><String CONTENT="Earth"/><SP/><String CONTENT="are"/><SP/><String CONTENT="carved"/><SP/><String CONTENT="by"/><SP/><String CONTENT="wind,"/><SP/><String CONTENT="yet"/><SP/><String CONTENT="even"/><SP/><String CONTENT="more"/><SP/><String CONTENT="-"/><SP/><String CONTENT="by"/><SP/><String CONTENT="water."/><SP/><String CONTENT="The"/><SP/><String CONTENT="sea"/></TextLine>
<TextLine HEIGHT="38" WIDTH="1359" VPOS="2659" HPOS="908"><String CONTENT="waves"/><SP/><String CONTENT="battle"/><SP/><String CONTENT="with"/><SP/><String CONTENT="shores"/><SP/><String CONTENT="and"/><SP/><String CONTENT="create"/><SP/><String CONTENT="high"/><SP/><String CONTENT="cliffs"/><SP/><String CONTENT="and"/><SP/><String CONTENT="steep"/><SP/><String CONTENT="slopes."/><SP/><String CONTENT="The"/><SP/><String CONTENT="ri\"/><SP/><String CONTENT="ers"/><SP/><String CONTENT="caive"/></TextLine>
<TextLine HEIGHT="39" WIDTH="1359" VPOS="2707" HPOS="908"><String CONTENT="their"/><SP/><String CONTENT="beds"/><SP/><String CONTENT="and"/><SP/><String CONTENT="cut"/><SP/><String CONTENT="wonderful"/><SP/><String CONTENT="valleys"/><SP/><String CONTENT="on"/><SP/><String CONTENT="Earth,"/><SP/><String CONTENT="like"/><SP/><String CONTENT="the"/><SP/><String CONTENT="Grand"/><SP/><String CONTENT="Canyon."/><SP/><String CONTENT="The"/></TextLine>
<TextLine HEIGHT="38" WIDTH="1358" VPOS="2755" HPOS="909"><String CONTENT="glaciers"/><SP/><String CONTENT="level"/><SP/><String CONTENT="the"/><SP/><String CONTENT="mountains."/><SP/><String CONTENT="Yet"/><SP/><String CONTENT="the"/><SP/><String CONTENT="water"/><SP/><String CONTENT="may"/><SP/><String CONTENT="also"/><SP/><String CONTENT="create"/><SP/><String CONTENT="diy"/><SP/><String CONTENT="land:"/><SP/><String CONTENT="slow"/><SP/><String CONTENT="rivers,"/></TextLine>
<TextLine HEIGHT="38" WIDTH="741" VPOS="2804" HPOS="910"><String CONTENT="like"/><SP/><String CONTENT="Mississippi,"/><SP/><String CONTENT="create"/><SP/><String CONTENT="sediments"/><SP/><String CONTENT="in"/><SP/><String CONTENT="mouths."/></TextLine>
</TextBlock>
<ComposedBlock ID="BlockId-C09CADDC-BA63-40E6-9F8D-2D20ABA03CFF-" HEIGHT="406" WIDTH="1325" VPOS="2905" HPOS="942" TYPE="table">
<TextBlock ID="BlockId-4FD43014-E8A3-400B-811E-228014D5CB6E-" HEIGHT="51" WIDTH="1325" VPOS="2905" HPOS="942" STYLEREFS="StyleId-672F33A4-C3A5-424F-8BE6-1425B7B3F509- font2">
<TextLine HEIGHT="28" WIDTH="430" VPOS="2918" HPOS="1415"><String STYLE="bold" CONTENT="FACTS"/><SP/><String STYLE="bold" CONTENT="AND"/><SP/><String STYLE="bold" CONTENT="FIGURES"/></TextLine>
</TextBlock>
<TextBlock ID="BlockId-AD19EFD9-9A20-437A-BCE3-68F99693AC6F-" HEIGHT="50" WIDTH="811" VPOS="2956" HPOS="942" STYLEREFS="StyleId-672F33A4-C3A5-424F-8BE6-1425B7B3F509- font2">
<TextLine HEIGHT="29" WIDTH="156" VPOS="2966" HPOS="966"><String CONTENT="Diameter"/></TextLine>
</TextBlock>
<TextBlock ID="BlockId-DC07352F-D424-4451-ABE5-15924365B534-" HEIGHT="50" WIDTH="514" VPOS="2956" HPOS="1753" STYLEREFS="StyleId-672F33A4-C3A5-424F-8BE6-1425B7B3F509- font2">
<TextLine HEIGHT="29" WIDTH="174" VPOS="2966" HPOS="2070"><String CONTENT="12"/><SP/><String CONTENT="756"/><SP/><String CONTENT="km"/></TextLine>
</TextBlock>
<TextBlock ID="BlockId-FEB950B4-8D98-4263-8322-A6BF5F5B4E31-" HEIGHT="50" WIDTH="811" VPOS="3006" HPOS="942" STYLEREFS="StyleId-672F33A4-C3A5-424F-8BE6-1425B7B3F509- font2">
<TextLine HEIGHT="29" WIDTH="410" VPOS="3016" HPOS="966"><String CONTENT="Mean"/><SP/><String CONTENT="distance"/><SP/><String CONTENT="from"/><SP/><String CONTENT="Sun"/></TextLine>
</TextBlock>
<TextBlock ID="BlockId-A7153FE3-E823-4DCC-9264-E1A576B35697-" HEIGHT="50" WIDTH="514" VPOS="3006" HPOS="1753" STYLEREFS="StyleId-672F33A4-C3A5-424F-8BE6-1425B7B3F509- font2">
<TextLine HEIGHT="29" WIDTH="268" VPOS="3016" HPOS="1976"><String CONTENT="149"/><SP/><String CONTENT="600"/><SP/><String CONTENT="000"/><SP/><String CONTENT="km"/></TextLine>
</TextBlock>
<TextBlock ID="BlockId-10C16860-2EEB-4527-92EA-30E6D2256024-" HEIGHT="50" WIDTH="811" VPOS="3056" HPOS="942" STYLEREFS="StyleId-672F33A4-C3A5-424F-8BE6-1425B7B3F509- font2">
<TextLine HEIGHT="38" WIDTH="222" VPOS="3066" HPOS="967"><String CONTENT="Orbital"/><SP/><String CONTENT="speed"/></TextLine>
</TextBlock>
<TextBlock ID="BlockId-F63E3333-17BB-4D33-96C3-5035EB944644-" HEIGHT="50" WIDTH="514" VPOS="3056" HPOS="1753" STYLEREFS="StyleId-672F33A4-C3A5-424F-8BE6-1425B7B3F509- font2">
<TextLine HEIGHT="31" WIDTH="221" VPOS="3066" HPOS="2020"><String CONTENT="29.79"/><SP/><String CONTENT="km/sec"/></TextLine>
</TextBlock>
<TextBlock ID="BlockId-622E442A-AAC2-4340-BDFD-B5BC0EBA5E6C-" HEIGHT="50" WIDTH="811" VPOS="3106" HPOS="942" STYLEREFS="StyleId-672F33A4-C3A5-424F-8BE6-1425B7B3F509- font2">
<TextLine HEIGHT="38" WIDTH="234" VPOS="3116" HPOS="967"><String CONTENT="Orbital"/><SP/><String CONTENT="period"/></TextLine>
</TextBlock>
<TextBlock ID="BlockId-1C2193E3-34DD-4D9F-AC3F-4E7BA62F6F76-" HEIGHT="50" WIDTH="514" VPOS="3106" HPOS="1753" STYLEREFS="StyleId-672F33A4-C3A5-424F-8BE6-1425B7B3F509- font2">
<TextLine HEIGHT="38" WIDTH="199" VPOS="3116" HPOS="2043"><String CONTENT="365.26"/><SP/><String CONTENT="days"/></TextLine>
</TextBlock>
<TextBlock ID="BlockId-E5BD52E8-C83F-48CA-B193-39A92659A082-" HEIGHT="50" WIDTH="811" VPOS="3156" HPOS="942" STYLEREFS="StyleId-672F33A4-C3A5-424F-8BE6-1425B7B3F509- font2">
<TextLine HEIGHT="38" WIDTH="485" VPOS="3166" HPOS="967"><String CONTENT="Day"/><SP/><String CONTENT="(from"/><SP/><String CONTENT="sumise"/><SP/><String CONTENT="to"/><SP/><String CONTENT="sumise)"/></TextLine>
</TextBlock>
<TextBlock ID="BlockId-FAC6929A-C8B0-4945-A032-6911C9DB3619-" HEIGHT="50" WIDTH="514" VPOS="3156" HPOS="1753" STYLEREFS="StyleId-672F33A4-C3A5-424F-8BE6-1425B7B3F509- font2">
<TextLine HEIGHT="29" WIDTH="143" VPOS="3166" HPOS="2099"><String CONTENT="24"/><SP/><String CONTENT="hours"/></TextLine>
</TextBlock>
<TextBlock ID="BlockId-88661E88-6EE3-4AB2-80C2-00A66F1C5871-" HEIGHT="50" WIDTH="811" VPOS="3206" HPOS="942" STYLEREFS="StyleId-672F33A4-C3A5-424F-8BE6-1425B7B3F509- font2">
<TextLine HEIGHT="38" WIDTH="268" VPOS="3216" HPOS="968"><String CONTENT="Average"/><SP/><String CONTENT="density"/></TextLine>
</TextBlock>
<TextBlock ID="BlockId-070964D7-A4D6-4441-A8EB-B6A1619291B0-" HEIGHT="50" WIDTH="514" VPOS="3206" HPOS="1753" STYLEREFS="StyleId-672F33A4-C3A5-424F-8BE6-1425B7B3F509- font2">
<TextLine HEIGHT="30" WIDTH="69" VPOS="3217" HPOS="2172"><String CONTENT="5.52"/></TextLine>
</TextBlock>
<TextBlock ID="BlockId-BA161262-8F8F-4B6C-BBAA-833C5EDAFBB5-" HEIGHT="55" WIDTH="811" VPOS="3256" HPOS="942" STYLEREFS="StyleId-672F33A4-C3A5-424F-8BE6-1425B7B3F509- font2">
<TextLine HEIGHT="38" WIDTH="382" VPOS="3266" HPOS="967"><String CONTENT="Temperature"/><SP/><String CONTENT="at"/><SP/><String CONTENT="surface"/></TextLine>
</TextBlock>
<TextBlock ID="BlockId-5078100E-D29F-4507-919F-3BA7D1D90C23-" HEIGHT="55" WIDTH="514" VPOS="3256" HPOS="1753" STYLEREFS="StyleId-672F33A4-C3A5-424F-8BE6-1425B7B3F509- font2">
<TextLine HEIGHT="28" WIDTH="219" VPOS="3270" HPOS="2022"><String CONTENT="-70°"/><SP/><String CONTENT="-"/><SP/><String CONTENT="+"/><SP/><String CONTENT="55°C"/></TextLine>
</TextBlock></ComposedBlock></ComposedBlock>
<ComposedBlock ID="BlockId-5305673C-EB18-4E80-9AC0-E2122DD1700F-" HEIGHT="406" WIDTH="1325" VPOS="2905" HPOS="942" TYPE="separatorsBox"><GraphicalElement ID="BlockId-B4A1C418-035A-41A6-8CB2-003CCD4D6968-" HEIGHT="3" WIDTH="1325" VPOS="2905" HPOS="942"/><GraphicalElement ID="BlockId-FC7034A2-A01C-40EF-A1F7-BB290BC6B2FD-" HEIGHT="3" WIDTH="1325" VPOS="3308" HPOS="942"/><GraphicalElement ID="BlockId-F7C64EB4-07D1-4037-8B09-E3C0491EA47E-" HEIGHT="406" WIDTH="3" VPOS="2905" HPOS="942"/><GraphicalElement ID="BlockId-6AD0E6C6-F863-4656-8D31-F58DCA1581D5-" HEIGHT="406" WIDTH="3" VPOS="2905" HPOS="2264"/></ComposedBlock><GraphicalElement ID="BlockId-DC0ED232-ED4E-4459-A608-41772D27DFC3-" HEIGHT="2" WIDTH="574" VPOS="1676" HPOS="194"/><GraphicalElement ID="BlockId-DE14BD29-231C-4C46-92BD-2E9B2C6CA614-" HEIGHT="3" WIDTH="152" VPOS="2509" HPOS="640"/><GraphicalElement ID="BlockId-3C4B4C27-4DC0-4AA7-A7F0-7F73B2E855CA-" HEIGHT="3" WIDTH="1325" VPOS="2955" HPOS="942"/><GraphicalElement ID="BlockId-B09C68D0-2A66-4709-8C8B-D531080DF0AD-" HEIGHT="3" WIDTH="342" VPOS="2974" HPOS="450"/><GraphicalElement ID="BlockId-889B430E-A492-4376-A7AB-F8CA38A54CE6-" HEIGHT="3" WIDTH="1325" VPOS="3005" HPOS="942"/><GraphicalElement ID="BlockId-9A9C72C9-26C5-49E3-9224-C3D8C7B3372A-" HEIGHT="3" WIDTH="1325" VPOS="3055" HPOS="942"/><GraphicalElement ID="BlockId-9F9B58DD-AE3B-492D-B483-E2DE2954BA77-" HEIGHT="3" WIDTH="1325" VPOS="3105" HPOS="942"/><GraphicalElement ID="BlockId-97AAAE38-77AB-47BE-A8C0-78E4B8AA23E2-" HEIGHT="3" WIDTH="1325" VPOS="3155" HPOS="942"/><GraphicalElement ID="BlockId-10EC1767-07E7-4860-B8EC-CFF3F1E1B73A-" HEIGHT="3" WIDTH="1325" VPOS="3205" HPOS="942"/><GraphicalElement ID="BlockId-A92761E9-AD00-4C9F-BD92-6FF618506ABF-" HEIGHT="3" WIDTH="1325" VPOS="3255" HPOS="942"/><GraphicalElement ID="BlockId-DB8C5FDD-EB8C-45DD-8D8D-EA58C2CE0665-" HEIGHT="468" WIDTH="2" VPOS="2509" HPOS="790"/><GraphicalElement ID="BlockId-D780818C-6661-43DD-9743-E38199468C38-" HEIGHT="356" WIDTH="3" VPOS="2955" HPOS="1752"/>
</PrintSpace>
</Page>
</Layout>
</alto>