﻿<?xml version="1.0" encoding="UTF-8" standalone="yes"?>
<document xmlns="http://www.abbyy.com/FineReader_xml/FineReader10-schema-v1.xml" xmlns:xsi="http://www.w3.org/2001/XMLSchema-instance" xsi:schemaLocation="http://www.abbyy.com/FineReader_xml/FineReader10-schema-v1.xml http://www.abbyy.com/FineReader_xml/FineReader10-schema-v1.xml" version="1.0" producer="FineReader 10.0" languages="">
<documentData>
<sections>
<section><stream role="text" beginPage="0"><mainText columnCount="1"/><elemId id="{678B5513-5619-4752-92A0-48F4CED1B777}"/></stream>
</section>
<section><stream role="text" beginPage="0"><mainText columnCount="1"/><elemId id="{278FBB7D-8C6C-4DE9-85CE-3D9A89088542}"/><elemId id="{9966EACF-DE95-4FD1-BB5E-8A703F121ED1}"/></stream><stream role="incut" beginPage="0"><elemId id="{CACAF7E9-4B8F-48E0-8810-187D76FE9EB4}"/></stream><stream role="incut" beginPage="0"><elemId id="{3AF9001A-C611-4866-BB06-8C45180339A7}"/></stream><stream role="incut" beginPage="0"><elemId id="{CC0E21E6-76BF-4D06-B32B-F2644A9FF87D}"/></stream>
</section>
</sections>
</documentData>
<page width="2479" height="3508" resolution="300" originalCoords="1">
<block blockType="Text" pageElemId="{678B5513-5619-4752-92A0-48F4CED1B777}" l="183" t="187" r="2269" b="789"><region><rect l="183" t="187" r="2269" b="789"/></region>
<text id="{678B5513-5619-4752-92A0-48F4CED1B777}">
<par align="Justified" leftIndent="100">
<line baseline="275" l="196" t="192" r="888" b="276"><formatting lang="EnglishUnitedStates">Planet Earth</formatting></line></par>
<par align="Justified" leftIndent="100" lineSpacing="1224">
<line baseline="374" l="190" t="341" r="2262" b="383"><formatting lang="EnglishUnitedStates">Each planet of the Solar system is unique in its own right, yet Earth has a whole set of really unique features.</formatting></line>
<line baseline="426" l="191" t="394" r="2262" b="434"><formatting lang="EnglishUnitedStates">First, it is the only active planet - the earthquakes and volcano eruptions constantly change its appearance.</formatting></line>
<line baseline="477" l="191" t="444" r="2262" b="485"><formatting lang="EnglishUnitedStates">Second, it is the only planet that boasts vast resources of liquid water; it&apos;s too hot for that on Venus and too</formatting></line>
<line baseline="528" l="191" t="496" r="2260" b="536"><formatting lang="EnglishUnitedStates">cold on Mars. The Earth&apos;s atmosphere is also very unlike any other planet&apos;s gaseous shells. Earth neighbors&apos;</formatting></line>
<line baseline="579" l="191" t="547" r="2263" b="587"><formatting lang="EnglishUnitedStates">atmospheres consist mainly of carbon dioxide, while the Earth&apos;s contains great amounts of oxygen and</formatting></line>
<line baseline="630" l="190" t="598" r="2262" b="638"><formatting lang="EnglishUnitedStates">nitrogen, which form shield from the most dangerous components of solar radiation. The Earth&apos;s</formatting></line>
<line baseline="681" l="191" t="649" r="2263" b="689"><formatting lang="EnglishUnitedStates">atmosphere also protects the planet from meteorites. More so, it is this unique combination of constantly</formatting></line>
<line baseline="732" l="191" t="700" r="2263" b="740"><formatting lang="EnglishUnitedStates">changing land surface, oceans and aerial shield that made it possible for another unique phenomenon - Life -</formatting></line>
<line baseline="783" l="189" t="751" r="512" b="783"><formatting lang="EnglishUnitedStates">to exist on Earth.</formatting></line></par>
</text>
</block>
<block blockType="Picture" pageElemId="{CACAF7E9-4B8F-48E0-8810-187D76FE9EB4}" l="193" t="877" r="784" b="1462"><region><rect l="193" t="877" r="784" b="1462"/></region>
</block>
<block blockType="Text" pageElemId="{29596B82-C6E0-44A9-817E-C222049AB333}" l="182" t="1498" r="788" b="1631"><region><rect l="182" t="1498" r="788" b="1631"/></region>
<text id="{29596B82-C6E0-44A9-817E-C222049AB333}">
<par align="Justified" leftIndent="100" rightIndent="100" lineSpacing="1056">
<line baseline="1530" l="188" t="1504" r="778" b="1538"><formatting lang="EnglishUnitedStates">Our planet photographed from</formatting></line>
<line baseline="1573" l="192" t="1546" r="783" b="1582"><formatting lang="EnglishUnitedStates">&quot;Apollo - 17&quot;. Yoti can notice the big</formatting></line>
<line baseline="1617" l="184" t="1590" r="589" b="1626"><formatting lang="EnglishUnitedStates">ice polar cap in Antarctica,</formatting></line></par>
</text>
</block>
<block blockType="Picture" pageElemId="{3AF9001A-C611-4866-BB06-8C45180339A7}" l="193" t="1676" r="791" b="2202"><region><rect l="193" t="1676" r="791" b="2202"/></region>
</block>
<block blockType="Text" pageElemId="{62349897-AF22-41F5-8FA1-B97645D8CD6A}" l="181" t="2239" r="778" b="2458"><region><rect l="181" t="2239" r="778" b="2458"/></region>
<text id="{62349897-AF22-41F5-8FA1-B97645D8CD6A}">
<par lineSpacing="1032">
<line baseline="2271" l="187" t="2244" r="772" b="2279"><formatting lang="EnglishUnitedStates">Grand Canyon: the stream cut through</formatting></line>
<line baseline="2314" l="188" t="2288" r="664" b="2323"><formatting lang="EnglishUnitedStates">the layers of soft sandstone and</formatting></line>
<line baseline="2357" l="189" t="2330" r="695" b="2363"><formatting lang="EnglishUnitedStates">limestone in Arizona (USA) info a</formatting></line>
<line baseline="2400" l="187" t="2374" r="413" b="2408"><formatting lang="EnglishUnitedStates">gigantic valley.</formatting></line></par>
<par lineSpacing="1032">
<line baseline="2444" l="189" t="2417" r="639" b="2452"><formatting lang="EnglishUnitedStates">The maximum depth is 1,9 km.</formatting></line></par>
</text>
</block>
<block blockType="Picture" pageElemId="{CC0E21E6-76BF-4D06-B32B-F2644A9FF87D}" l="174" t="2509" r="792" b="2977"><region><rect l="174" t="2509" r="792" b="2977"/></region>
</block>
<block blockType="Text" pageElemId="{D23189BE-FC1D-4B07-A9E9-4EF02FA4EF52}" l="159" t="3012" r="799" b="3316"><region><rect l="159" t="3012" r="799" b="3316"/></region>
<text id="{D23189BE-FC1D-4B07-A9E9-4EF02FA4EF52}">
<par align="Justified" leftIndent="100" lineSpacing="1032">
<line baseline="3044" l="164" t="3017" r="792" b="3053"><formatting lang="EnglishUnitedStates">Mississippi Delta: the river Mississippi</formatting></line>
<line baseline="3087" l="168" t="3060" r="792" b="3095"><formatting lang="EnglishUnitedStates">collects a gi-eat amount of sediments</formatting></line>
<line baseline="3131" l="169" t="3104" r="790" b="3139"><formatting lang="EnglishUnitedStates">along its long run and then drops them in</formatting></line>
<line baseline="3173" l="169" t="3145" r="792" b="3182"><formatting lang="EnglishUnitedStates">the Gulf of Mexico. This slow river</formatting></line>
<line baseline="3216" l="169" t="3189" r="792" b="3219"><formatting lang="EnglishUnitedStates">leaves these sediments in the mouth, thus</formatting></line>
<line baseline="3259" l="169" t="3233" r="793" b="3267"><formatting lang="EnglishUnitedStates">creating areas of new land that didn&apos;t</formatting></line>
<line baseline="3302" l="168" t="3276" r="347" b="3310"><formatting lang="EnglishUnitedStates">exist before.</formatting></line></par>
</text>
</block>
<block blockType="Text" pageElemId="{278FBB7D-8C6C-4DE9-85CE-3D9A89088542}" l="901" t="858" r="2276" b="2848"><region><rect l="901" t="858" r="2276" b="2848"/></region>
<text id="{278FBB7D-8C6C-4DE9-85CE-3D9A89088542}">
<par align="Justified" leftIndent="100" lineSpacing="1176">
<line baseline="905" l="911" t="864" r="1093" b="905"><formatting lang="EnglishUnitedStates">Seasons</formatting></line></par>
<par align="Justified" leftIndent="100" rightIndent="100" lineSpacing="1176">
<line baseline="954" l="908" t="925" r="2268" b="963"><formatting lang="EnglishUnitedStates">Each 24 hours the Earth completes a full revolution around its axis, which is</formatting></line>
<line baseline="1005" l="910" t="976" r="2268" b="1014"><formatting lang="EnglishUnitedStates">inclined by 23.5° to the vertical. This inclination is the reason why the seasons</formatting></line>
<line baseline="1053" l="909" t="1024" r="1710" b="1062"><formatting lang="EnglishUnitedStates">change on the Earth as it rotates around the Sun.</formatting></line></par>
<par align="Justified" leftIndent="100">
<line baseline="1160" l="911" t="1119" r="1137" b="1160"><formatting lang="EnglishUnitedStates">Structure</formatting></line></par>
<par align="Justified" leftIndent="100" rightIndent="100" lineSpacing="1152">
<line baseline="1212" l="909" t="1183" r="2268" b="1222"><formatting lang="EnglishUnitedStates">The central part of Earth is a metal core; it&apos;s very hot - some 4000oC. and it&apos;s</formatting></line>
<line baseline="1260" l="910" t="1231" r="2270" b="1269"><formatting lang="EnglishUnitedStates">surrounded by a shell of liquid iron that creates the magnetic field of Earth. Outer</formatting></line>
<line baseline="1308" l="909" t="1278" r="2270" b="1317"><formatting lang="EnglishUnitedStates">layers form the mantle made up of rocky substances, over which are lighter</formatting></line>
<line baseline="1356" l="910" t="1327" r="2267" b="1365"><formatting lang="EnglishUnitedStates">substances that form the crast. The atmosphere is made of nitrogen (77%).</formatting></line>
<line baseline="1404" l="909" t="1375" r="1922" b="1414"><formatting lang="EnglishUnitedStates">oxygen (21%). and a mixture of water vapor and other gases.</formatting></line></par>
<par align="Justified" leftIndent="100" lineSpacing="1152">
<line baseline="1511" l="910" t="1470" r="1309" b="1522"><formatting lang="EnglishUnitedStates">Magnetic bubble</formatting></line></par>
<par align="Justified" leftIndent="100" rightIndent="100" lineSpacing="1152">
<line baseline="1561" l="909" t="1532" r="2268" b="1570"><formatting lang="EnglishUnitedStates">The rotation of Earth around its axis generates forceful electrical currents in the</formatting></line>
<line baseline="1609" l="910" t="1579" r="2270" b="1618"><formatting lang="EnglishUnitedStates">iron core of the planet and this creates the magnetic field. This field forms a giant</formatting></line>
<line baseline="1657" l="909" t="1628" r="2268" b="1666"><formatting lang="EnglishUnitedStates">&quot;bubble&quot; in the near-Earth space called the &quot;magnetosphere&quot;. Magnetosphere</formatting></line>
<line baseline="1704" l="908" t="1675" r="2268" b="1713"><formatting lang="EnglishUnitedStates">protects Earth from the solar wind - a flow of charged particles enutted by the</formatting></line>
<line baseline="1752" l="911" t="1723" r="2270" b="1761"><formatting lang="EnglishUnitedStates">Sun. These particles are trapped by the magnetic field in two huge rings - Van</formatting></line>
<line baseline="1800" l="909" t="1770" r="2268" b="1811"><formatting lang="EnglishUnitedStates">Allen&apos;s belts. When spacecrafts travel through the Van Allen&apos;s belts, the</formatting></line>
<line baseline="1848" l="909" t="1819" r="2268" b="1857"><formatting lang="EnglishUnitedStates">electrical equipment of the former may suffer malfunction caused by these</formatting></line>
<line baseline="1896" l="908" t="1867" r="1056" b="1905"><formatting lang="EnglishUnitedStates">particles.</formatting></line></par>
<par align="Justified" leftIndent="100" lineSpacing="1152">
<line baseline="2003" l="910" t="1962" r="1391" b="2014"><formatting lang="EnglishUnitedStates">Clashing Continents</formatting></line></par>
<par align="Justified" leftIndent="100" rightIndent="100" lineSpacing="1152">
<line baseline="2053" l="909" t="2024" r="2270" b="2062"><formatting lang="EnglishUnitedStates">The Earth crast is made from parts called plates, which float on its surface driven</formatting></line>
<line baseline="2101" l="907" t="2072" r="2270" b="2110"><formatting lang="EnglishUnitedStates">by the flows in the liquid mantle. The continents lie on these plates, and so their</formatting></line>
<line baseline="2149" l="909" t="2120" r="2267" b="2158"><formatting lang="EnglishUnitedStates">location is subject to constant change. Some 200 million years ago. all the diy</formatting></line>
<line baseline="2196" l="909" t="2165" r="2268" b="2205"><formatting lang="EnglishUnitedStates">land on Earth was a single continent called Pangea by the scientists, which</formatting></line>
<line baseline="2244" l="908" t="2215" r="2268" b="2253"><formatting lang="EnglishUnitedStates">further split into the continents we know now. The lava rises by millimeters</formatting></line>
<line baseline="2292" l="909" t="2263" r="2268" b="2301"><formatting lang="EnglishUnitedStates">around the mountain ridges located on the ocean floor, and moves the continents</formatting></line>
<line baseline="2340" l="909" t="2311" r="2268" b="2349"><formatting lang="EnglishUnitedStates">apart. When the continents clash, as they do around the shores of the Pacific, the</formatting></line>
<line baseline="2388" l="908" t="2359" r="2267" b="2397"><formatting lang="EnglishUnitedStates">Earth&apos;s surface swells up and mountain ridges rise up; if the plates go down into</formatting></line>
<line baseline="2436" l="908" t="2407" r="2268" b="2445"><formatting lang="EnglishUnitedStates">the mantle, earthquakes and volcanic eraptions occur. This process, called plate</formatting></line>
<line baseline="2484" l="908" t="2455" r="1790" b="2493"><formatting lang="EnglishUnitedStates">tectonics, constantly changes the Earth&apos;s appearance.</formatting></line></par>
<par align="Justified" leftIndent="100" lineSpacing="1152">
<line baseline="2591" l="910" t="2550" r="1309" b="2602"><formatting lang="EnglishUnitedStates">Carved by water</formatting></line></par>
<par align="Justified" leftIndent="100" rightIndent="100" lineSpacing="1152">
<line baseline="2640" l="908" t="2611" r="2268" b="2649"><formatting lang="EnglishUnitedStates">Many tilings on Earth are carved by wind, yet even more - by water. The sea</formatting></line>
<line baseline="2688" l="908" t="2659" r="2267" b="2697"><formatting lang="EnglishUnitedStates">waves battle with shores and create high cliffs and steep slopes. The rivers caive</formatting></line>
<line baseline="2736" l="908" t="2707" r="2267" b="2746"><formatting lang="EnglishUnitedStates">their beds and cut wonderful valleys on Earth, like the Grand Canyon. The</formatting></line>
<line baseline="2784" l="909" t="2755" r="2267" b="2793"><formatting lang="EnglishUnitedStates">glaciers level the mountains. Yet the water may also create diy land: slow rivers,</formatting></line>
<line baseline="2833" l="910" t="2804" r="1651" b="2842"><formatting lang="EnglishUnitedStates">like Mississippi, create sediments in mouths.</formatting></line></par>
</text>
</block>
<block blockType="Table" pageElemId="{9966EACF-DE95-4FD1-BB5E-8A703F121ED1}" l="942" t="2905" r="2267" b="3311"><region><rect l="942" t="2905" r="2267" b="3311"/></region>
<row>
<cell colSpan="2" width="1325" height="51">
<text id="{B5093D9C-8372-43D4-99F0-3FA7A1165D1A}">
<par leftIndent="11400">
<line baseline="2946" l="1415" t="2918" r="1845" b="2946"><formatting lang="EnglishUnitedStates">FACTS AND FIGURES</formatting></line></par>
</text></cell></row>
<row>
<cell width="811" height="50">
<text id="{0D036AE6-C7A8-4F13-833E-105E062FBEED}">
<par leftIndent="600">
<line baseline="2995" l="966" t="2966" r="1122" b="2995"><formatting lang="EnglishUnitedStates">Diameter</formatting></line></par>
</text></cell>
<cell width="514" height="50">
<text id="{A80B1A19-3B5C-43EB-8747-1DC46D81AEFC}">
<par align="Right" rightIndent="600">
<line baseline="2995" l="2070" t="2966" r="2244" b="2995"><formatting lang="EnglishUnitedStates">12 756 km</formatting></line></par>
</text></cell></row>
<row>
<cell width="811" height="50">
<text id="{B4ACF876-C5CE-4BF7-AB5B-D97D402F75AA}">
<par leftIndent="600">
<line baseline="3045" l="966" t="3016" r="1376" b="3045"><formatting lang="EnglishUnitedStates">Mean distance from Sun</formatting></line></par>
</text></cell>
<cell width="514" height="50">
<text id="{6DE8EE34-A468-41BA-B16A-F9801A98DB5A}">
<par align="Right" rightIndent="600">
<line baseline="3045" l="1976" t="3016" r="2244" b="3045"><formatting lang="EnglishUnitedStates">149 600 000 km</formatting></line></par>
</text></cell></row>
<row>
<cell width="811" height="50">
<text id="{8E9C2D17-EE7D-413E-A6FF-FC0FAF330A6B}">
<par leftIndent="600">
<line baseline="3095" l="967" t="3066" r="1189" b="3104"><formatting lang="EnglishUnitedStates">Orbital speed</formatting></line></par>
</text></cell>
<cell width="514" height="50">
<text id="{86BFB354-5240-4B7D-B108-5DE0747CD3D5}">
<par align="Right" rightIndent="600">
<line baseline="3095" l="2020" t="3066" r="2241" b="3097"><formatting lang="EnglishUnitedStates">29.79 km/sec</formatting></line></par>
</text></cell></row>
<row>
<cell width="811" height="50">
<text id="{755077A8-A8A3-4590-A5BC-21FB830513A5}">
<par leftIndent="600">
<line baseline="3145" l="967" t="3116" r="1201" b="3154"><formatting lang="EnglishUnitedStates">Orbital period</formatting></line></par>
</text></cell>
<cell width="514" height="50">
<text id="{9F07FC7D-BFC7-4BBC-B401-9D3F5E96372B}">
<par align="Right" rightIndent="600">
<line baseline="3145" l="2043" t="3116" r="2242" b="3154"><formatting lang="EnglishUnitedStates">365.26 days</formatting></line></par>
</text></cell></row>
<row>
<cell width="811" height="50">
<text id="{EBF0759C-7C29-4E55-958E-A3FD6DF5BC41}">
<par leftIndent="600">
<line baseline="3195" l="967" t="3166" r="1452" b="3204"><formatting lang="EnglishUnitedStates">Day (from sunrise to sumise)</formatting></line></par>
</text></cell>
<cell width="514" height="50">
<text id="{1EBC7910-95FB-4ED9-9B4D-F1B416262D46}">
<par align="Right" rightIndent="600">
<line baseline="3195" l="2099" t="3166" r="2242" b="3195"><formatting lang="EnglishUnitedStates">24 hours</formatting></line></par>
</text></cell></row>
<row>
<cell width="811" height="50">
<text id="{B8C0DDB0-17AF-4248-849C-4EEF6EDE534A}">
<par leftIndent="600">
<line baseline="3245" l="968" t="3216" r="1236" b="3254"><formatting lang="EnglishUnitedStates">Average density</formatting></line></par>
</text></cell>
<cell width="514" height="50">
<text id="{4C789619-702B-4801-A6F7-72D0957EC83B}">
<par align="Right" rightIndent="600">
<line baseline="3245" l="2172" t="3217" r="2241" b="3247"><formatting lang="EnglishUnitedStates">5.52</formatting></line></par>
</text></cell></row>
<row>
<cell width="811" height="55">
<text id="{5E6D5871-CC1F-4C6A-B5F7-FE8C0D74D5AC}">
<par leftIndent="600">
<line baseline="3295" l="967" t="3266" r="1349" b="3304"><formatting lang="EnglishUnitedStates">Temperature at surface</formatting></line></par>
</text></cell>
<cell width="514" height="55">
<text id="{8F078B0E-13E1-4B6E-B2B2-DA9B067113FF}">
<par align="Right" rightIndent="600">
<line baseline="3298" l="2022" t="3270" r="2241" b="3298"><formatting lang="EnglishUnitedStates">-70° - + 550C</formatting></line></par>
</text></cell></row>
</block>
<block blockType="SeparatorsBox" l="942" t="2905" r="2267" b="3311"><region><rect l="942" t="2905" r="2267" b="2908"/><rect l="942" t="2908" r="2267" b="3308"/><rect l="942" t="3308" r="2267" b="3311"/></region>
<separatorsBox>
<separator type="Black" thickness="3"><start x="942" y="2906"/><end x="2267" y="2906"/>
</separator>
<separator type="Black" thickness="3"><start x="942" y="3309"/><end x="2267" y="3309"/>
</separator>
<separator type="Black" thickness="3"><start x="943" y="2905"/><end x="943" y="3311"/>
</separator>
<separator type="Black" thickness="3"><start x="2265" y="2905"/><end x="2265" y="3311"/>
</separator>
</separatorsBox>
</block>
<block blockType="Separator" l="194" t="1676" r="768" b="1678"><region><rect l="194" t="1676" r="768" b="1678"/></region>
<separator type="Black" thickness="2"><start x="194" y="1677"/><end x="768" y="1677"/>
</separator>
</block>
<block blockType="Separator" l="640" t="2509" r="792" b="2512"><region><rect l="640" t="2509" r="792" b="2512"/></region>
<separator type="Black" thickness="3"><start x="640" y="2510"/><end x="792" y="2510"/>
</separator>
</block>
<block blockType="Separator" l="942" t="2955" r="2267" b="2958"><region><rect l="942" t="2955" r="2267" b="2958"/></region>
<separator type="Black" thickness="3"><start x="942" y="2956"/><end x="2267" y="2956"/>
</separator>
</block>
<block blockType="Separator" l="450" t="2974" r="792" b="2977"><region><rect l="450" t="2974" r="792" b="2977"/></region>
<separator type="Black" thickness="3"><start x="450" y="2975"/><end x="792" y="2975"/>
</separator>
</block>
<block blockType="Separator" l="942" t="3005" r="2267" b="3008"><region><rect l="942" t="3005" r="2267" b="3008"/></region>
<separator type="Black" thickness="3"><start x="942" y="3006"/><end x="2267" y="3006"/>
</separator>
</block>
<block blockType="Separator" l="942" t="3055" r="2267" b="3058"><region><rect l="942" t="3055" r="2267" b="3058"/></region>
<separator type="Black" thickness="3"><start x="942" y="3056"/><end x="2267" y="3056"/>
</separator>
</block>
<block blockType="Separator" l="942" t="3105" r="2267" b="3108"><region><rect l="942" t="3105" r="2267" b="3108"/></region>
<separator type="Black" thickness="3"><start x="942" y="3106"/><end x="2267" y="3106"/>
</separator>
</block>
<block blockType="Separator" l="942" t="3155" r="2267" b="3158"><region><rect l="942" t="3155" r="2267" b="3158"/></region>
<separator type="Black" thickness="3"><start x="942" y="3156"/><end x="2267" y="3156"/>
</separator>
</block>
<block blockType="Separator" l="942" t="3205" r="2267" b="3208"><region><rect l="942" t="3205" r="2267" b="3208"/></region>
<separator type="Black" thickness="3"><start x="942" y="3206"/><end x="2267" y="3206"/>
</separator>
</block>
<block blockType="Separator" l="942" t="3255" r="2267" b="3258"><region><rect l="942" t="3255" r="2267" b="3258"/></region>
<separator type="Black" thickness="3"><start x="942" y="3256"/><end x="2267" y="3256"/>
</separator>
</block>
<block blockType="Separator" l="790" t="2509" r="792" b="2977"><region><rect l="790" t="2509" r="792" b="2977"/></region>
<separator type="Black" thickness="2"><start x="791" y="2509"/><end x="791" y="2977"/>
</separator>
</block>
<block blockType="Separator" l="1752" t="2955" r="1755" b="3311"><region><rect l="1752" t="2955" r="1755" b="3311"/></region>
<separator type="Black" thickness="3"><start x="1753" y="2955"/><end x="1753" y="3311"/>
</separator>
</block>
</page>
</document>